"","re.mean","week_id","fi_re.mean","OR.mean","covariate"
"SES_HH_Q1_prop_stand.1",-0.0978523278387999,1,-0.0118347838351086,0.988234971767101,"SES_HH_Q1_prop_stand"
"SES_HH_Q1_prop_stand.2",-0.098016821767347,2,-0.0119992777636556,0.98807242648349,"SES_HH_Q1_prop_stand"
"SES_HH_Q1_prop_stand.3",-0.0978298990555177,3,-0.0118123550518263,0.988257136923683,"SES_HH_Q1_prop_stand"
"SES_HH_Q1_prop_stand.4",-0.101461615559191,4,-0.0154440715555,0.984674576529139,"SES_HH_Q1_prop_stand"
"SES_HH_Q1_prop_stand.5",-0.104888810439451,5,-0.0188712664357592,0.98130568108983,"SES_HH_Q1_prop_stand"
"SES_HH_Q1_prop_stand.6",-0.107941475867469,6,-0.0219239318637773,0.978314650792966,"SES_HH_Q1_prop_stand"
"SES_HH_Q1_prop_stand.7",-0.110511963961184,7,-0.024494419957493,0.975803133926181,"SES_HH_Q1_prop_stand"
"SES_HH_Q1_prop_stand.8",-0.111047322316358,8,-0.0250297783126669,0.975280869377248,"SES_HH_Q1_prop_stand"
"SES_HH_Q1_prop_stand.9",-0.11886957846608,9,-0.0328520344623892,0.967681732544231,"SES_HH_Q1_prop_stand"
"SES_HH_Q1_prop_stand.10",-0.125184952132982,10,-0.0391674081292911,0.961589717735316,"SES_HH_Q1_prop_stand"
"SES_HH_Q1_prop_stand.11",-0.119526364289203,11,-0.0335088202855113,0.967046381568598,"SES_HH_Q1_prop_stand"
"SES_HH_Q1_prop_stand.12",-0.115241136955748,12,-0.0292235929520563,0.971199286872233,"SES_HH_Q1_prop_stand"
"SES_HH_Q1_prop_stand.13",-0.0946885102485644,13,-0.00867096624487308,0.991366518162685,"SES_HH_Q1_prop_stand"
"SES_HH_Q1_prop_stand.14",-0.0579294256565878,14,0.0280881183471036,1.02848630894209,"SES_HH_Q1_prop_stand"
"SES_HH_Q1_prop_stand.15",-0.057259185220615,15,0.0287583587830764,1.02917587311527,"SES_HH_Q1_prop_stand"
"SES_HH_Q1_prop_stand.16",-0.0537662441004734,16,0.0322512999032179,1.03277700945959,"SES_HH_Q1_prop_stand"
"SES_HH_Q1_prop_stand.17",-0.0506381357123484,17,0.0353794082913429,1.03601270605231,"SES_HH_Q1_prop_stand"
"SES_HH_Q1_prop_stand.18",-0.0388032420169433,18,0.0472143019867481,1.04834664777796,"SES_HH_Q1_prop_stand"
"SES_HH_Q1_prop_stand.19",-0.0356126504377166,19,0.0504048935659747,1.05169683546273,"SES_HH_Q1_prop_stand"
"SES_HH_Q1_prop_stand.20",-0.0447108067288392,20,0.0413067372748521,1.04217172943891,"SES_HH_Q1_prop_stand"
"SES_HH_Q1_prop_stand.21",-0.0636054060384958,21,0.0224121379651955,1.02266517677362,"SES_HH_Q1_prop_stand"
"SES_HH_Q1_prop_stand.22",-0.0714826852617373,22,0.014534858741954,1.01464100344386,"SES_HH_Q1_prop_stand"
"SES_HH_Q1_prop_stand.23",-0.0730895659500573,23,0.012927978053634,1.01301190564328,"SES_HH_Q1_prop_stand"
"SES_HH_Q1_prop_stand.24",-0.0720019386302002,24,0.0140156053734912,1.01411428444718,"SES_HH_Q1_prop_stand"
"SES_HH_Q1_prop_stand.25",-0.0727992827484743,25,0.013218261255217,1.01330600866701,"SES_HH_Q1_prop_stand"
"SES_HH_Q1_prop_stand.26",-0.0781147807109344,26,0.00790276329275692,1.00793407254879,"SES_HH_Q1_prop_stand"
"SES_HH_Q1_prop_stand.27",-0.0754089152529726,27,0.0106086287507187,1.0106650997694,"SES_HH_Q1_prop_stand"
"SES_HH_Q1_prop_stand.28",-0.0702319307160804,28,0.015785613287611,1.01591086426768,"SES_HH_Q1_prop_stand"
"SES_HH_Q1_prop_stand.29",-0.0698074277090563,29,0.016210116294635,1.01634221303238,"SES_HH_Q1_prop_stand"
"SES_HH_Q1_prop_stand.30",-0.0608109567015291,30,0.0252065873021622,1.02552695948991,"SES_HH_Q1_prop_stand"
"SES_HH_Q1_prop_stand.31",-0.049024726682552,31,0.0369928173211393,1.0376855674492,"SES_HH_Q1_prop_stand"
"SES_HH_Q1_prop_stand.32",-0.0561560522592229,32,0.0298614917444684,1.03031181737755,"SES_HH_Q1_prop_stand"
"SES_HH_Q1_prop_stand.33",-0.0611092048858324,33,0.0249083391178589,1.02522114354308,"SES_HH_Q1_prop_stand"
"SES_HH_Q1_prop_stand.34",-0.0765640523334636,34,0.00945349167022767,1.00949831706342,"SES_HH_Q1_prop_stand"
"SES_HH_Q1_prop_stand.35",-0.09165479718435,35,-0.00563725318065873,0.994378606315726,"SES_HH_Q1_prop_stand"
"SES_HH_Q1_prop_stand.36",-0.111352463229888,36,-0.0253349192261971,0.974983316681877,"SES_HH_Q1_prop_stand"
"SES_HH_Q1_prop_stand.37",-0.127582711542166,37,-0.0415651675384743,0.959286818943793,"SES_HH_Q1_prop_stand"
"SES_HH_Q1_prop_stand.38",-0.122405574763839,38,-0.0363880307601473,0.964266055989299,"SES_HH_Q1_prop_stand"
"SES_HH_Q1_prop_stand.39",-0.124942728869035,39,-0.0389251848653438,0.96182266534685,"SES_HH_Q1_prop_stand"
"SES_HH_Q1_prop_stand.40",-0.108566782908039,40,-0.0225492389043478,0.977703094978937,"SES_HH_Q1_prop_stand"
"SES_HH_Q1_prop_stand.41",-0.0943399632603913,41,-0.00832241925669996,0.991712116201846,"SES_HH_Q1_prop_stand"
"SES_HH_Q1_prop_stand.42",-0.0790450401880155,42,0.00697250381567577,1.00699686831467,"SES_HH_Q1_prop_stand"
"SES_HH_Q1_prop_stand.43",-0.0812389462475897,43,0.00477859775610158,1.00479003346265,"SES_HH_Q1_prop_stand"
"SES_HH_Q1_prop_stand.44",-0.0791749802270115,44,0.00684256377667981,1.00686602760325,"SES_HH_Q1_prop_stand"
"SES_HH_Q1_prop_stand.45",-0.0675018147401816,45,0.0185157292635097,1.01868820825882,"SES_HH_Q1_prop_stand"
"SES_HH_Q1_prop_stand.46",-0.0453211156433699,46,0.0406964283603214,1.04153587679497,"SES_HH_Q1_prop_stand"
"SES_HH_Q1_prop_stand.47",-0.0199855596157947,47,0.0660319843878966,1.06826088429008,"SES_HH_Q1_prop_stand"
"SES_HH_Q1_prop_stand.48",6.69626144531014e-05,48,0.0860845066181444,1.08989842804383,"SES_HH_Q1_prop_stand"
"SES_HH_Q1_prop_stand.49",0.0175174715302696,49,0.103535015533961,1.10908462787561,"SES_HH_Q1_prop_stand"
"SES_HH_Q1_prop_stand.50",0.0393326954893454,50,0.125350239493037,1.13354539591504,"SES_HH_Q1_prop_stand"
"SES_HH_Q1_prop_stand.51",0.0352125658430116,51,0.121230109846703,1.12888464995586,"SES_HH_Q1_prop_stand"
"SES_HH_Q1_prop_stand.52",0.0323944161048027,52,0.118411960108494,1.12570776254988,"SES_HH_Q1_prop_stand"
"SES_HH_Q1_prop_stand.53",0.0171020318542243,53,0.103119575857916,1.10862396581237,"SES_HH_Q1_prop_stand"
"SES_HH_Q1_prop_stand.54",0.0540701765360661,54,0.140087720539757,1.15037470592148,"SES_HH_Q1_prop_stand"
"SES_HH_Q1_prop_stand.55",0.0721842064653914,55,0.158201750469083,1.17140250187356,"SES_HH_Q1_prop_stand"
"SES_HH_Q1_prop_stand.56",0.0648881712641757,56,0.150905715267867,1.16288701042257,"SES_HH_Q1_prop_stand"
"SES_HH_Q1_prop_stand.57",0.0741171803971577,57,0.160134724400849,1.17366898219127,"SES_HH_Q1_prop_stand"
"SES_HH_Q1_prop_stand.58",0.0856320087217659,58,0.171649552725457,1.18726168767701,"SES_HH_Q1_prop_stand"
"SES_HH_Q1_prop_stand.59",0.0775236569433875,59,0.163541200947079,1.17767387546689,"SES_HH_Q1_prop_stand"
"SES_HH_Q1_prop_stand.60",0.0390196988699007,60,0.125037242873592,1.13319065555729,"SES_HH_Q1_prop_stand"
"SES_HH_Q1_prop_stand.61",0.0249248234747395,61,0.110942367478431,1.11733051042407,"SES_HH_Q1_prop_stand"
"SES_HH_Q1_prop_stand.62",-0.00920677556621117,62,0.0768107684374801,1.07983771767907,"SES_HH_Q1_prop_stand"
"SES_HH_Q1_prop_stand.63",-0.0177120895932228,63,0.0683054544104685,1.07069230622197,"SES_HH_Q1_prop_stand"
"SES_HH_Q1_prop_stand.64",-0.016067429416072,64,0.0699501145876193,1.07245468007579,"SES_HH_Q1_prop_stand"
"SES_HH_Q1_prop_stand.65",-0.0202935229217199,65,0.0657240210819714,1.06793194978904,"SES_HH_Q1_prop_stand"
"SES_HH_Q1_prop_stand.66",3.93276955485102e-05,66,0.0860568716992398,1.08986830920532,"SES_HH_Q1_prop_stand"
"SES_HH_Q1_prop_stand.67",-0.00287576819081911,67,0.0831417758128722,1.08669586481683,"SES_HH_Q1_prop_stand"
"SES_HH_Q1_prop_stand.68",0.00101175706596196,68,0.0870293010696533,1.09092864462618,"SES_HH_Q1_prop_stand"
"SES_HH_Q1_prop_stand.69",0.0371675565905048,69,0.123185100594196,1.13109376770028,"SES_HH_Q1_prop_stand"
"SES_HH_Q1_prop_stand.70",0.0730846896456498,70,0.159102233649341,1.17245780519395,"SES_HH_Q1_prop_stand"
"SES_HH_Q1_prop_stand.71",0.078320701983001,71,0.164338245986692,1.17861290876382,"SES_HH_Q1_prop_stand"
"SES_HH_Q1_prop_stand.72",0.0729892789584228,72,0.159006822962114,1.1723459455254,"SES_HH_Q1_prop_stand"
"SES_HH_Q1_prop_stand.73",0.0740343078251677,73,0.160051851828859,1.17357172125424,"SES_HH_Q1_prop_stand"
"SES_HH_Q1_prop_stand.74",0.0832554562895374,74,0.169273000293229,1.18444344819887,"SES_HH_Q1_prop_stand"
"SES_HH_Q1_prop_stand.75",0.0759574352898346,75,0.161974979293526,1.17583082083511,"SES_HH_Q1_prop_stand"
"SES_HH_Q1_prop_stand.76",0.0798827225045083,76,0.1659002665082,1.18045536491676,"SES_HH_Q1_prop_stand"
"SES_HH_Q1_prop_stand.77",0.0590333712911641,77,0.145050915294855,1.15609843186207,"SES_HH_Q1_prop_stand"
"SES_HH_Q1_prop_stand.78",0.0394120153506356,78,0.125429559354327,1.13363531214463,"SES_HH_Q1_prop_stand"
"SES_HH_Q1_prop_stand.79",0.0195616718179712,79,0.105579215821663,1.11135413786718,"SES_HH_Q1_prop_stand"
"SES_HH_Q1_prop_stand.80",0.0019033510670406,80,0.0879208950707319,1.09190174380156,"SES_HH_Q1_prop_stand"
"SES_HH_Q1_prop_stand.81",-0.017029519346123,81,0.0689880246575683,1.07142337840967,"SES_HH_Q1_prop_stand"
"SES_HH_Q1_prop_stand.82",-0.0053056124845641,82,0.0807119315191272,1.08405856847798,"SES_HH_Q1_prop_stand"
"SES_HH_Q1_prop_stand.83",0.0091678977004809,83,0.0951854417041722,1.09986279664725,"SES_HH_Q1_prop_stand"
"SES_HH_Q1_prop_stand.84",0.0374475325777501,84,0.123465076581441,1.13141049112997,"SES_HH_Q1_prop_stand"
"SES_HH_Q1_prop_stand.85",0.0687777656269063,85,0.154795309630598,1.16741897722541,"SES_HH_Q1_prop_stand"
"SES_HH_Q1_prop_stand.86",0.101484271262693,86,0.187501815266384,1.20623243905219,"SES_HH_Q1_prop_stand"
"SES_HH_Q1_prop_stand.87",0.125667587027031,87,0.211685131030722,1.235758721739,"SES_HH_Q1_prop_stand"
"SES_HH_Q1_prop_stand.88",0.15346676560298,88,0.239484309606671,1.27059374835383,"SES_HH_Q1_prop_stand"
"SES_HH_Q1_prop_stand.89",0.165484996810819,89,0.251502540814511,1.28595616743584,"SES_HH_Q1_prop_stand"
"SES_HH_Q1_prop_stand.90",0.164603315870367,90,0.250620859874058,1.28482286407216,"SES_HH_Q1_prop_stand"
"SES_HH_Q1_prop_stand.91",0.17188567855134,91,0.257903222555031,1.29421356188156,"SES_HH_Q1_prop_stand"
"SES_HH_Q1_prop_stand.92",0.154388516727755,92,0.240406060731446,1.27176545950058,"SES_HH_Q1_prop_stand"
"SES_HH_Q1_prop_stand.93",0.107215013357668,93,0.193232557361359,1.21316489114189,"SES_HH_Q1_prop_stand"
"SES_HH_Q1_prop_stand.94",0.0612823205294166,94,0.147299864533108,1.15870136438422,"SES_HH_Q1_prop_stand"
"SES_HH_Q1_prop_stand.95",0.0776243160938578,95,0.163641860097549,1.17779242508518,"SES_HH_Q1_prop_stand"
"SES_HH_Q1_prop_stand.96",0.101863288734906,96,0.187880832738597,1.20668970887329,"SES_HH_Q1_prop_stand"
"SES_HH_Q1_prop_stand.97",0.0920016223221271,97,0.178019166325818,1.19484822186566,"SES_HH_Q1_prop_stand"
"SES_HH_Q1_prop_stand.98",0.0946253243077854,98,0.180642868311477,1.19798726367233,"SES_HH_Q1_prop_stand"
"SES_HH_Q1_prop_stand.99",0.128227184197014,99,0.214244728200705,1.23892581778187,"SES_HH_Q1_prop_stand"
"SES_HH_Q1_prop_stand.100",0.157151912324587,100,0.243169456328279,1.27528471087392,"SES_HH_Q1_prop_stand"
"SES_HH_Q1_prop_stand.101",0.174157693978286,101,0.260175237981977,1.29715737799138,"SES_HH_Q1_prop_stand"
"SES_HH_Q1_prop_stand.102",0.160735753242268,102,0.246753297245959,1.27986332801957,"SES_HH_Q1_prop_stand"
"SES_HH_Q1_prop_stand.103",0.156127655977686,103,0.242145199981377,1.27397916113764,"SES_HH_Q1_prop_stand"
"SES_HH_Q1_prop_stand.104",0.140574732960299,104,0.226592276963991,1.25431834918292,"SES_HH_Q1_prop_stand"
"MBG_group_Antilles_prop_stand.1",-0.0674470296203637,1,-0.0541198383318711,0.947318574621465,"MBG_group_Antilles_prop_stand"
"MBG_group_Antilles_prop_stand.2",-0.067326207267968,2,-0.0539990159794755,0.947433038794895,"MBG_group_Antilles_prop_stand"
"MBG_group_Antilles_prop_stand.3",-0.0670910938136264,3,-0.0537639025251338,0.947655819237717,"MBG_group_Antilles_prop_stand"
"MBG_group_Antilles_prop_stand.4",-0.0682186425148541,4,-0.0548914512263616,0.946587893331903,"MBG_group_Antilles_prop_stand"
"MBG_group_Antilles_prop_stand.5",-0.0693062777622682,5,-0.0559790864737756,0.94555891065469,"MBG_group_Antilles_prop_stand"
"MBG_group_Antilles_prop_stand.6",-0.0702230372363,6,-0.0568958459478074,0.944692457790212,"MBG_group_Antilles_prop_stand"
"MBG_group_Antilles_prop_stand.7",-0.0710353813790506,7,-0.057708190090558,0.943925354023736,"MBG_group_Antilles_prop_stand"
"MBG_group_Antilles_prop_stand.8",-0.0714288774791674,8,-0.0581016861906748,0.943553996146856,"MBG_group_Antilles_prop_stand"
"MBG_group_Antilles_prop_stand.9",-0.0758042291632981,9,-0.0624770378748056,0.939434633981492,"MBG_group_Antilles_prop_stand"
"MBG_group_Antilles_prop_stand.10",-0.0815899309217205,10,-0.068262739633228,0.934015038567211,"MBG_group_Antilles_prop_stand"
"MBG_group_Antilles_prop_stand.11",-0.0861479723195405,11,-0.0728207810310479,0.929767447058107,"MBG_group_Antilles_prop_stand"
"MBG_group_Antilles_prop_stand.12",-0.0811721661735315,12,-0.067844974885039,0.934405318641555,"MBG_group_Antilles_prop_stand"
"MBG_group_Antilles_prop_stand.13",-0.0673554760536022,13,-0.0540282847651097,0.947405308986191,"MBG_group_Antilles_prop_stand"
"MBG_group_Antilles_prop_stand.14",-0.0346206537061704,14,-0.0212934624176778,0.978931642765819,"MBG_group_Antilles_prop_stand"
"MBG_group_Antilles_prop_stand.15",-0.0180615416405554,15,-0.00473435035206284,0.995276839019466,"MBG_group_Antilles_prop_stand"
"MBG_group_Antilles_prop_stand.16",0.00213134900770747,16,0.0154585402962,1.01557864159579,"MBG_group_Antilles_prop_stand"
"MBG_group_Antilles_prop_stand.17",0.0119566215841977,17,0.0252838128726903,1.02560615945254,"MBG_group_Antilles_prop_stand"
"MBG_group_Antilles_prop_stand.18",0.0321930190946329,18,0.0455202103831255,1.04657215602445,"MBG_group_Antilles_prop_stand"
"MBG_group_Antilles_prop_stand.19",0.0472884842060361,19,0.0606156754945287,1.06249049457549,"MBG_group_Antilles_prop_stand"
"MBG_group_Antilles_prop_stand.20",0.0495614919812546,20,0.0628886832697472,1.06490829052428,"MBG_group_Antilles_prop_stand"
"MBG_group_Antilles_prop_stand.21",0.0498106854950931,21,0.0631378767835857,1.06517369182988,"MBG_group_Antilles_prop_stand"
"MBG_group_Antilles_prop_stand.22",0.0476402338298051,22,0.0609674251182976,1.06286429094473,"MBG_group_Antilles_prop_stand"
"MBG_group_Antilles_prop_stand.23",0.051404351455786,23,0.0647315427442786,1.06687257625235,"MBG_group_Antilles_prop_stand"
"MBG_group_Antilles_prop_stand.24",0.0514966886193033,24,0.0648238799077958,1.06697109278817,"MBG_group_Antilles_prop_stand"
"MBG_group_Antilles_prop_stand.25",0.0486076829992655,25,0.061934874287758,1.06389305567881,"MBG_group_Antilles_prop_stand"
"MBG_group_Antilles_prop_stand.26",0.0444892735373476,26,0.0578164648258402,1.05952051858123,"MBG_group_Antilles_prop_stand"
"MBG_group_Antilles_prop_stand.27",0.0439686283453257,27,0.0572958196338183,1.05896902789533,"MBG_group_Antilles_prop_stand"
"MBG_group_Antilles_prop_stand.28",0.0456670887480716,28,0.0589942800365642,1.06076917316192,"MBG_group_Antilles_prop_stand"
"MBG_group_Antilles_prop_stand.29",0.0445569841338459,29,0.0578841754223385,1.05959226177641,"MBG_group_Antilles_prop_stand"
"MBG_group_Antilles_prop_stand.30",0.0500105884221316,30,0.0633377797106242,1.0653866444529,"MBG_group_Antilles_prop_stand"
"MBG_group_Antilles_prop_stand.31",0.056947514908713,31,0.0702747061972056,1.07280284636947,"MBG_group_Antilles_prop_stand"
"MBG_group_Antilles_prop_stand.32",0.0658031323591335,32,0.0791303236476261,1.08234536807566,"MBG_group_Antilles_prop_stand"
"MBG_group_Antilles_prop_stand.33",0.0686483117569382,33,0.0819755030454308,1.08542921979358,"MBG_group_Antilles_prop_stand"
"MBG_group_Antilles_prop_stand.34",0.0732208062464268,34,0.0865479975349194,1.0904037031516,"MBG_group_Antilles_prop_stand"
"MBG_group_Antilles_prop_stand.35",0.0866964062561731,35,0.100023597544666,1.10519699770346,"MBG_group_Antilles_prop_stand"
"MBG_group_Antilles_prop_stand.36",0.0909693217989939,36,0.104296513087486,1.10992951475521,"MBG_group_Antilles_prop_stand"
"MBG_group_Antilles_prop_stand.37",0.0884597769880418,37,0.101786968276534,1.10714758904455,"MBG_group_Antilles_prop_stand"
"MBG_group_Antilles_prop_stand.38",0.0822771795115696,38,0.0956043708000621,1.10032365770157,"MBG_group_Antilles_prop_stand"
"MBG_group_Antilles_prop_stand.39",0.0703710353400672,39,0.0836982266285598,1.08730072588933,"MBG_group_Antilles_prop_stand"
"MBG_group_Antilles_prop_stand.40",0.0576991992313576,40,0.0710263905198502,1.07360955860887,"MBG_group_Antilles_prop_stand"
"MBG_group_Antilles_prop_stand.41",0.0470359268585612,41,0.0603631181470537,1.06222218867721,"MBG_group_Antilles_prop_stand"
"MBG_group_Antilles_prop_stand.42",0.0298618850535918,42,0.0431890763420843,1.04413529747063,"MBG_group_Antilles_prop_stand"
"MBG_group_Antilles_prop_stand.43",0.0165989150978028,43,0.0299261063862953,1.03037839275745,"MBG_group_Antilles_prop_stand"
"MBG_group_Antilles_prop_stand.44",0.02568002506155,44,0.0390072163500426,1.03977798702501,"MBG_group_Antilles_prop_stand"
"MBG_group_Antilles_prop_stand.45",0.0245524854345448,45,0.0378796767230374,1.03860625685159,"MBG_group_Antilles_prop_stand"
"MBG_group_Antilles_prop_stand.46",0.015792076153419,46,0.0291192674419116,1.02954737863509,"MBG_group_Antilles_prop_stand"
"MBG_group_Antilles_prop_stand.47",-0.0110162818077823,47,0.00231090948071021,1.00231358169004,"MBG_group_Antilles_prop_stand"
"MBG_group_Antilles_prop_stand.48",-0.0274895422777856,48,-0.014162350989293,0.985937463346011,"MBG_group_Antilles_prop_stand"
"MBG_group_Antilles_prop_stand.49",-0.0390290901773109,49,-0.0257018988888183,0.974625583277717,"MBG_group_Antilles_prop_stand"
"MBG_group_Antilles_prop_stand.50",-0.0424937927895741,50,-0.0291666015010816,0.971254638506048,"MBG_group_Antilles_prop_stand"
"MBG_group_Antilles_prop_stand.51",-0.051446263879047,51,-0.0381190725905545,0.962598314991904,"MBG_group_Antilles_prop_stand"
"MBG_group_Antilles_prop_stand.52",-0.0600874581406885,52,-0.0467602668521959,0.954316151384314,"MBG_group_Antilles_prop_stand"
"MBG_group_Antilles_prop_stand.53",-0.0648912066633918,53,-0.0515640153748992,0.949742849871558,"MBG_group_Antilles_prop_stand"
"MBG_group_Antilles_prop_stand.54",-0.06859766285235,54,-0.0552704715638575,0.946229185252226,"MBG_group_Antilles_prop_stand"
"MBG_group_Antilles_prop_stand.55",-0.0786361850551039,55,-0.0653089937666113,0.936777960101983,"MBG_group_Antilles_prop_stand"
"MBG_group_Antilles_prop_stand.56",-0.0760121113919138,56,-0.0626849201034213,0.939239362513579,"MBG_group_Antilles_prop_stand"
"MBG_group_Antilles_prop_stand.57",-0.0611070896846769,57,-0.0477798983961844,0.953343596441533,"MBG_group_Antilles_prop_stand"
"MBG_group_Antilles_prop_stand.58",-0.0493552805970791,58,-0.0360280893085866,0.964613197784796,"MBG_group_Antilles_prop_stand"
"MBG_group_Antilles_prop_stand.59",-0.0441552961075782,59,-0.0308281048190857,0.969642235578882,"MBG_group_Antilles_prop_stand"
"MBG_group_Antilles_prop_stand.60",-0.0312427964554432,60,-0.0179156051669506,0.982243925172468,"MBG_group_Antilles_prop_stand"
"MBG_group_Antilles_prop_stand.61",-0.0320247524903616,61,-0.0186975612018691,0.981476153828256,"MBG_group_Antilles_prop_stand"
"MBG_group_Antilles_prop_stand.62",-0.0210033475184917,62,-0.00767615622999912,0.992353230217507,"MBG_group_Antilles_prop_stand"
"MBG_group_Antilles_prop_stand.63",-0.00714834379812308,63,0.00617884749036948,1.0061979759455,"MBG_group_Antilles_prop_stand"
"MBG_group_Antilles_prop_stand.64",0.00359472603566944,64,0.016921917324162,1.0170659039974,"MBG_group_Antilles_prop_stand"
"MBG_group_Antilles_prop_stand.65",0.0169033734937056,65,0.0302305647821982,1.03069214787035,"MBG_group_Antilles_prop_stand"
"MBG_group_Antilles_prop_stand.66",0.020748741586116,66,0.0340759328746086,1.03466316869401,"MBG_group_Antilles_prop_stand"
"MBG_group_Antilles_prop_stand.67",0.0264491161089845,67,0.0397763073974771,1.04057797855988,"MBG_group_Antilles_prop_stand"
"MBG_group_Antilles_prop_stand.68",0.0431611661635462,68,0.0564883574520388,1.05811429558208,"MBG_group_Antilles_prop_stand"
"MBG_group_Antilles_prop_stand.69",0.0468889012645469,69,0.0602160925530395,1.06206602630915,"MBG_group_Antilles_prop_stand"
"MBG_group_Antilles_prop_stand.70",0.0519334832403886,70,0.0652606745288811,1.06743724182064,"MBG_group_Antilles_prop_stand"
"MBG_group_Antilles_prop_stand.71",0.0509001547270116,71,0.0642273460155042,1.06633479817375,"MBG_group_Antilles_prop_stand"
"MBG_group_Antilles_prop_stand.72",0.039324137057652,72,0.0526513283461446,1.05406205947819,"MBG_group_Antilles_prop_stand"
"MBG_group_Antilles_prop_stand.73",0.0265652922192412,73,0.0398924835077337,1.0406988758844,"MBG_group_Antilles_prop_stand"
"MBG_group_Antilles_prop_stand.74",0.0338697880768083,74,0.0471969793653009,1.04832848782312,"MBG_group_Antilles_prop_stand"
"MBG_group_Antilles_prop_stand.75",0.0250596561503963,75,0.0383868474388889,1.03913314112921,"MBG_group_Antilles_prop_stand"
"MBG_group_Antilles_prop_stand.76",0.0176278120021091,76,0.0309550032906016,1.03143909147727,"MBG_group_Antilles_prop_stand"
"MBG_group_Antilles_prop_stand.77",0.00444749487614463,77,0.0177746861646372,1.01793359602681,"MBG_group_Antilles_prop_stand"
"MBG_group_Antilles_prop_stand.78",-0.00931502541351194,78,0.00401216587498062,1.00402022538758,"MBG_group_Antilles_prop_stand"
"MBG_group_Antilles_prop_stand.79",-0.0222956443310204,79,-0.00896845304252783,0.991071643574718,"MBG_group_Antilles_prop_stand"
"MBG_group_Antilles_prop_stand.80",-0.0305321155155817,80,-0.0172049242270892,0.982942235316846,"MBG_group_Antilles_prop_stand"
"MBG_group_Antilles_prop_stand.81",-0.0338862221733571,81,-0.0205590308848645,0.979650865110191,"MBG_group_Antilles_prop_stand"
"MBG_group_Antilles_prop_stand.82",-0.0160308549877625,82,-0.00270366369926991,0.997299987907782,"MBG_group_Antilles_prop_stand"
"MBG_group_Antilles_prop_stand.83",-0.00771231896121297,83,0.00561487232727959,1.00563066526752,"MBG_group_Antilles_prop_stand"
"MBG_group_Antilles_prop_stand.84",-0.00489342877132604,84,0.00843376251716652,1.00846942688336,"MBG_group_Antilles_prop_stand"
"MBG_group_Antilles_prop_stand.85",-0.00624747649581439,85,0.00707971479267816,1.00710483522028,"MBG_group_Antilles_prop_stand"
"MBG_group_Antilles_prop_stand.86",-0.00860426079803794,86,0.00472293049045462,1.00473410110575,"MBG_group_Antilles_prop_stand"
"MBG_group_Antilles_prop_stand.87",-0.00486312777350556,87,0.008464063514987,1.00849998497623,"MBG_group_Antilles_prop_stand"
"MBG_group_Antilles_prop_stand.88",0.00771169632639424,88,0.0210388876148868,1.02126176529957,"MBG_group_Antilles_prop_stand"
"MBG_group_Antilles_prop_stand.89",0.0142036441407853,89,0.0275308354292779,1.02791331076677,"MBG_group_Antilles_prop_stand"
"MBG_group_Antilles_prop_stand.90",0.0240596525960207,90,0.0373868438845132,1.03809452369173,"MBG_group_Antilles_prop_stand"
"MBG_group_Antilles_prop_stand.91",0.025093726528348,91,0.0384209178168406,1.03916854539118,"MBG_group_Antilles_prop_stand"
"MBG_group_Antilles_prop_stand.92",0.0130025649880926,92,0.0263297562765852,1.026679446651,"MBG_group_Antilles_prop_stand"
"MBG_group_Antilles_prop_stand.93",-0.000427936720650999,93,0.0128992545678416,1.01298280882809,"MBG_group_Antilles_prop_stand"
"MBG_group_Antilles_prop_stand.94",-0.0105866217215435,94,0.00274056956694904,1.00274432836069,"MBG_group_Antilles_prop_stand"
"MBG_group_Antilles_prop_stand.95",-0.0142000793245935,95,-0.000872888036100907,0.999127492819838,"MBG_group_Antilles_prop_stand"
"MBG_group_Antilles_prop_stand.96",-0.0121440976308639,96,0.00118309365762871,1.00118379378901,"MBG_group_Antilles_prop_stand"
"MBG_group_Antilles_prop_stand.97",-0.0212040320311871,97,-0.00787684074269454,0.992154100274895,"MBG_group_Antilles_prop_stand"
"MBG_group_Antilles_prop_stand.98",-0.0237436751820733,98,-0.0104164838935808,0.989637579794095,"MBG_group_Antilles_prop_stand"
"MBG_group_Antilles_prop_stand.99",-0.00539286775993279,99,0.00793432352855977,1.00796588368777,"MBG_group_Antilles_prop_stand"
"MBG_group_Antilles_prop_stand.100",0.000508780470272748,100,0.0138359717587653,1.01393213179338,"MBG_group_Antilles_prop_stand"
"MBG_group_Antilles_prop_stand.101",-0.00618978462487346,101,0.0071374066636191,1.00716293865849,"MBG_group_Antilles_prop_stand"
"MBG_group_Antilles_prop_stand.102",-0.00989852394231895,102,0.00342866734617361,1.00343455194959,"MBG_group_Antilles_prop_stand"
"MBG_group_Antilles_prop_stand.103",-0.00292655965537407,103,0.0104006316331185,1.01045490620237,"MBG_group_Antilles_prop_stand"
"MBG_group_Antilles_prop_stand.104",0.000208862231568377,104,0.0135360535200609,1.01362808065177,"MBG_group_Antilles_prop_stand"
"MBG_group_Marocco_prop_stand.1",-0.0426378777206695,1,0.0407466007329032,1.04158813443197,"MBG_group_Marocco_prop_stand"
"MBG_group_Marocco_prop_stand.2",-0.0426353510797562,2,0.0407491273738165,1.04159076615449,"MBG_group_Marocco_prop_stand"
"MBG_group_Marocco_prop_stand.3",-0.042437845398857,3,0.0409466330547157,1.04179650656476,"MBG_group_Marocco_prop_stand"
"MBG_group_Marocco_prop_stand.4",-0.0452186020687171,4,0.0381658763848556,1.03890354815137,"MBG_group_Marocco_prop_stand"
"MBG_group_Marocco_prop_stand.5",-0.0479780182535692,5,0.0354064602000035,1.03604073255249,"MBG_group_Marocco_prop_stand"
"MBG_group_Marocco_prop_stand.6",-0.0504083089950487,6,0.0329761694585241,1.03352590946578,"MBG_group_Marocco_prop_stand"
"MBG_group_Marocco_prop_stand.7",-0.0527371868937509,7,0.0306472915598219,1.03112175439591,"MBG_group_Marocco_prop_stand"
"MBG_group_Marocco_prop_stand.8",-0.0544813482056195,8,0.0289031302479532,1.02932487919969,"MBG_group_Marocco_prop_stand"
"MBG_group_Marocco_prop_stand.9",-0.0582506119199039,9,0.0251338665336688,1.02545238509289,"MBG_group_Marocco_prop_stand"
"MBG_group_Marocco_prop_stand.10",-0.0619924158581269,10,0.0213920625954458,1.02162251310347,"MBG_group_Marocco_prop_stand"
"MBG_group_Marocco_prop_stand.11",-0.0540506162579606,11,0.0293338621956121,1.02976833780872,"MBG_group_Marocco_prop_stand"
"MBG_group_Marocco_prop_stand.12",-0.0362778265033157,12,0.047106651950257,1.04823379929725,"MBG_group_Marocco_prop_stand"
"MBG_group_Marocco_prop_stand.13",-0.0119757165377186,13,0.0714087619158542,1.07402015468965,"MBG_group_Marocco_prop_stand"
"MBG_group_Marocco_prop_stand.14",0.000742295387510817,14,0.0841267738410836,1.08776678544171,"MBG_group_Marocco_prop_stand"
"MBG_group_Marocco_prop_stand.15",0.0202490394747913,15,0.103633517928364,1.1091938807478,"MBG_group_Marocco_prop_stand"
"MBG_group_Marocco_prop_stand.16",0.0307487504139348,16,0.114133228867508,1.12090145136759,"MBG_group_Marocco_prop_stand"
"MBG_group_Marocco_prop_stand.17",0.0412048016407819,17,0.124589280094355,1.1326831420039,"MBG_group_Marocco_prop_stand"
"MBG_group_Marocco_prop_stand.18",0.0455195268201641,18,0.128904005273737,1.13758091715542,"MBG_group_Marocco_prop_stand"
"MBG_group_Marocco_prop_stand.19",0.0448028560582694,19,0.128187334511842,1.13676593824347,"MBG_group_Marocco_prop_stand"
"MBG_group_Marocco_prop_stand.20",0.0486099231408885,20,0.131994401594461,1.14110193089798,"MBG_group_Marocco_prop_stand"
"MBG_group_Marocco_prop_stand.21",0.0540784573404137,21,0.137462935793986,1.14735917922698,"MBG_group_Marocco_prop_stand"
"MBG_group_Marocco_prop_stand.22",0.0669729648092684,22,0.150357443262841,1.162249606781,"MBG_group_Marocco_prop_stand"
"MBG_group_Marocco_prop_stand.23",0.0715474959885071,23,0.15493197444208,1.16757853322245,"MBG_group_Marocco_prop_stand"
"MBG_group_Marocco_prop_stand.24",0.0756419812011747,24,0.159026459654747,1.17236896674842,"MBG_group_Marocco_prop_stand"
"MBG_group_Marocco_prop_stand.25",0.0809707060401986,25,0.164355184493771,1.178632872876,"MBG_group_Marocco_prop_stand"
"MBG_group_Marocco_prop_stand.26",0.0859529542325239,26,0.169337432686097,1.18451976718313,"MBG_group_Marocco_prop_stand"
"MBG_group_Marocco_prop_stand.27",0.092720560604661,27,0.176105039058234,1.19256331779979,"MBG_group_Marocco_prop_stand"
"MBG_group_Marocco_prop_stand.28",0.104940054417521,28,0.188324532871094,1.20722523605496,"MBG_group_Marocco_prop_stand"
"MBG_group_Marocco_prop_stand.29",0.112304502663092,29,0.195688981116665,1.21614860132757,"MBG_group_Marocco_prop_stand"
"MBG_group_Marocco_prop_stand.30",0.120680994065902,30,0.204065472519474,1.22637844491436,"MBG_group_Marocco_prop_stand"
"MBG_group_Marocco_prop_stand.31",0.124039269837392,31,0.207423748290964,1.2305038852385,"MBG_group_Marocco_prop_stand"
"MBG_group_Marocco_prop_stand.32",0.112123271474725,32,0.195507749928298,1.21592821724216,"MBG_group_Marocco_prop_stand"
"MBG_group_Marocco_prop_stand.33",0.104555776284258,33,0.187940254737831,1.20676141491869,"MBG_group_Marocco_prop_stand"
"MBG_group_Marocco_prop_stand.34",0.0990160555803507,34,0.182400534033923,1.2000947764305,"MBG_group_Marocco_prop_stand"
"MBG_group_Marocco_prop_stand.35",0.0914243320718795,35,0.174808810525452,1.19101848464482,"MBG_group_Marocco_prop_stand"
"MBG_group_Marocco_prop_stand.36",0.0822815497899483,36,0.165666028243521,1.18017888948238,"MBG_group_Marocco_prop_stand"
"MBG_group_Marocco_prop_stand.37",0.0660071371521508,37,0.149391615605724,1.16112761587844,"MBG_group_Marocco_prop_stand"
"MBG_group_Marocco_prop_stand.38",0.0602896191531176,38,0.14367409760669,1.15450779035478,"MBG_group_Marocco_prop_stand"
"MBG_group_Marocco_prop_stand.39",0.0472399764893964,39,0.130624454942969,1.13953975242364,"MBG_group_Marocco_prop_stand"
"MBG_group_Marocco_prop_stand.40",0.0424630003803938,40,0.125847478833967,1.13410917943667,"MBG_group_Marocco_prop_stand"
"MBG_group_Marocco_prop_stand.41",0.0430836784289228,41,0.126468156882496,1.134813314607,"MBG_group_Marocco_prop_stand"
"MBG_group_Marocco_prop_stand.42",0.036195282283235,42,0.119579760736808,1.12702313267783,"MBG_group_Marocco_prop_stand"
"MBG_group_Marocco_prop_stand.43",0.0310376357176817,43,0.114422114171254,1.1212253101006,"MBG_group_Marocco_prop_stand"
"MBG_group_Marocco_prop_stand.44",0.018638634266094,44,0.102023112719667,1.10740906666746,"MBG_group_Marocco_prop_stand"
"MBG_group_Marocco_prop_stand.45",-0.000279159205485877,45,0.0831053192480869,1.08665624834078,"MBG_group_Marocco_prop_stand"
"MBG_group_Marocco_prop_stand.46",-0.00664913525432451,46,0.0767353431992482,1.07975627373346,"MBG_group_Marocco_prop_stand"
"MBG_group_Marocco_prop_stand.47",-0.0137345200508502,47,0.0696499584027225,1.07213282447643,"MBG_group_Marocco_prop_stand"
"MBG_group_Marocco_prop_stand.48",-0.0224801524211879,48,0.0609043260323848,1.06279722729537,"MBG_group_Marocco_prop_stand"
"MBG_group_Marocco_prop_stand.49",-0.04025842039349,49,0.0431260580600828,1.04406949993125,"MBG_group_Marocco_prop_stand"
"MBG_group_Marocco_prop_stand.50",-0.0428658514972934,50,0.0405186269562793,1.04135070671595,"MBG_group_Marocco_prop_stand"
"MBG_group_Marocco_prop_stand.51",-0.0619571976400688,51,0.0214272808135039,1.02165849346149,"MBG_group_Marocco_prop_stand"
"MBG_group_Marocco_prop_stand.52",-0.0561049600872248,52,0.0272795183663479,1.02765501107148,"MBG_group_Marocco_prop_stand"
"MBG_group_Marocco_prop_stand.53",-0.054730815685589,53,0.0286536627679837,1.02906812814286,"MBG_group_Marocco_prop_stand"
"MBG_group_Marocco_prop_stand.54",-0.0384756232364669,54,0.0449088552171058,1.04593252427126,"MBG_group_Marocco_prop_stand"
"MBG_group_Marocco_prop_stand.55",-0.0269866207910147,55,0.0563978576625581,1.05801854079404,"MBG_group_Marocco_prop_stand"
"MBG_group_Marocco_prop_stand.56",-0.027156870742573,56,0.0562276077109997,1.05783842852121,"MBG_group_Marocco_prop_stand"
"MBG_group_Marocco_prop_stand.57",-0.0364686024213916,57,0.0469158760321811,1.04803384060609,"MBG_group_Marocco_prop_stand"
"MBG_group_Marocco_prop_stand.58",-0.0399475171039708,58,0.043436961349602,1.04439415503882,"MBG_group_Marocco_prop_stand"
"MBG_group_Marocco_prop_stand.59",-0.0487108665867106,59,0.0346736118668622,1.0352817499721,"MBG_group_Marocco_prop_stand"
"MBG_group_Marocco_prop_stand.60",-0.0580503360453211,60,0.0253341424082516,1.0256577790332,"MBG_group_Marocco_prop_stand"
"MBG_group_Marocco_prop_stand.61",-0.0549336767745134,61,0.0284508016790594,1.0288593914348,"MBG_group_Marocco_prop_stand"
"MBG_group_Marocco_prop_stand.62",-0.0573300408153029,62,0.0260544376382698,1.02639682157152,"MBG_group_Marocco_prop_stand"
"MBG_group_Marocco_prop_stand.63",-0.05407072941131,63,0.0293137490422628,1.02974762612852,"MBG_group_Marocco_prop_stand"
"MBG_group_Marocco_prop_stand.64",-0.0281917941617224,64,0.0551926842918504,1.05674421307012,"MBG_group_Marocco_prop_stand"
"MBG_group_Marocco_prop_stand.65",-0.00557611130829652,65,0.0778083671452762,1.08091549989854,"MBG_group_Marocco_prop_stand"
"MBG_group_Marocco_prop_stand.66",-0.00148400796063631,66,0.0819004704929364,1.08534778032401,"MBG_group_Marocco_prop_stand"
"MBG_group_Marocco_prop_stand.67",0.00245913443212766,67,0.0858436128857004,1.08963590996426,"MBG_group_Marocco_prop_stand"
"MBG_group_Marocco_prop_stand.68",-0.00534289574848384,68,0.0780415827050889,1.08116761560947,"MBG_group_Marocco_prop_stand"
"MBG_group_Marocco_prop_stand.69",-0.0171400562547416,69,0.0662444221988312,1.06848784740077,"MBG_group_Marocco_prop_stand"
"MBG_group_Marocco_prop_stand.70",-0.033308350331654,70,0.0500761281219187,1.05135113071661,"MBG_group_Marocco_prop_stand"
"MBG_group_Marocco_prop_stand.71",-0.0214142952183,71,0.0619701832352728,1.06393062128607,"MBG_group_Marocco_prop_stand"
"MBG_group_Marocco_prop_stand.72",-0.0223898527116323,72,0.0609946257419404,1.06289320190949,"MBG_group_Marocco_prop_stand"
"MBG_group_Marocco_prop_stand.73",-0.0249722489342979,73,0.0584122295192748,1.06015193156628,"MBG_group_Marocco_prop_stand"
"MBG_group_Marocco_prop_stand.74",-0.0242869605848838,74,0.0590975178686889,1.0608786903248,"MBG_group_Marocco_prop_stand"
"MBG_group_Marocco_prop_stand.75",-0.0242866115724282,75,0.0590978668811445,1.06087906058474,"MBG_group_Marocco_prop_stand"
"MBG_group_Marocco_prop_stand.76",-0.0149239433143734,76,0.0684605351391993,1.07085836284082,"MBG_group_Marocco_prop_stand"
"MBG_group_Marocco_prop_stand.77",-0.0150372924597152,77,0.0683471859938575,1.07073698883956,"MBG_group_Marocco_prop_stand"
"MBG_group_Marocco_prop_stand.78",-0.0106917467061163,78,0.0726927317474565,1.07540004984911,"MBG_group_Marocco_prop_stand"
"MBG_group_Marocco_prop_stand.79",-0.00943893844368546,79,0.0739455400098873,1.07674816420506,"MBG_group_Marocco_prop_stand"
"MBG_group_Marocco_prop_stand.80",-0.0143499122348204,80,0.0690345662187523,1.07147324528683,"MBG_group_Marocco_prop_stand"
"MBG_group_Marocco_prop_stand.81",-0.0100133091158381,81,0.0733711693377347,1.07612988921475,"MBG_group_Marocco_prop_stand"
"MBG_group_Marocco_prop_stand.82",-0.00784593234689846,82,0.0755385461066743,1.078464797536,"MBG_group_Marocco_prop_stand"
"MBG_group_Marocco_prop_stand.83",0.00911264165169051,83,0.0924971201052632,1.09690998257047,"MBG_group_Marocco_prop_stand"
"MBG_group_Marocco_prop_stand.84",0.0235732308891507,84,0.106957709342723,1.11288718875343,"MBG_group_Marocco_prop_stand"
"MBG_group_Marocco_prop_stand.85",0.0374102133303835,85,0.120794691783956,1.12839322018497,"MBG_group_Marocco_prop_stand"
"MBG_group_Marocco_prop_stand.86",0.0386543509165582,86,0.122038829370131,1.12979797027218,"MBG_group_Marocco_prop_stand"
"MBG_group_Marocco_prop_stand.87",0.029743432421577,87,0.11312791087515,1.11977515520862,"MBG_group_Marocco_prop_stand"
"MBG_group_Marocco_prop_stand.88",0.0187131786570896,88,0.102097657110662,1.10749162087886,"MBG_group_Marocco_prop_stand"
"MBG_group_Marocco_prop_stand.89",0.0153031126188424,89,0.0986875910724152,1.10372143326271,"MBG_group_Marocco_prop_stand"
"MBG_group_Marocco_prop_stand.90",0.00632340354375311,90,0.0897078819973259,1.09385470237888,"MBG_group_Marocco_prop_stand"
"MBG_group_Marocco_prop_stand.91",0.00230817038793385,91,0.0856926488415066,1.08947142653645,"MBG_group_Marocco_prop_stand"
"MBG_group_Marocco_prop_stand.92",-0.00356260805001343,92,0.0798218704035593,1.08309411937218,"MBG_group_Marocco_prop_stand"
"MBG_group_Marocco_prop_stand.93",-0.0215139982812688,93,0.061870480172304,1.06382454943227,"MBG_group_Marocco_prop_stand"
"MBG_group_Marocco_prop_stand.94",-0.0389446955457688,94,0.044439782907804,1.0454420213364,"MBG_group_Marocco_prop_stand"
"MBG_group_Marocco_prop_stand.95",-0.0424740261682531,95,0.0409104522853196,1.04175881424747,"MBG_group_Marocco_prop_stand"
"MBG_group_Marocco_prop_stand.96",-0.0430966620281912,96,0.0402878164253816,1.04111037974255,"MBG_group_Marocco_prop_stand"
"MBG_group_Marocco_prop_stand.97",-0.0541163209495236,97,0.0292681575040492,1.02970067942046,"MBG_group_Marocco_prop_stand"
"MBG_group_Marocco_prop_stand.98",-0.0413373302354304,98,0.0420471482181423,1.04294365052632,"MBG_group_Marocco_prop_stand"
"MBG_group_Marocco_prop_stand.99",-0.043982513525403,99,0.0394019649281698,1.04018851893006,"MBG_group_Marocco_prop_stand"
"MBG_group_Marocco_prop_stand.100",-0.0537805422853448,100,0.0296039361682279,1.03004648899359,"MBG_group_Marocco_prop_stand"
"MBG_group_Marocco_prop_stand.101",-0.0721716247888237,101,0.011212853664749,1.0112759533303,"MBG_group_Marocco_prop_stand"
"MBG_group_Marocco_prop_stand.102",-0.0620341533734362,102,0.0213503250801365,1.02157987400802,"MBG_group_Marocco_prop_stand"
"MBG_group_Marocco_prop_stand.103",-0.0624052126242683,103,0.0209792658293044,1.02120087766471,"MBG_group_Marocco_prop_stand"
"MBG_group_Marocco_prop_stand.104",-0.0673002998166653,104,0.0160841786369074,1.01621422533402,"MBG_group_Marocco_prop_stand"
"MBG_group_Surinam_prop_stand.1",-0.00645198993581685,1,0.0631612026829681,1.06519853825402,"MBG_group_Surinam_prop_stand"
"MBG_group_Surinam_prop_stand.2",-0.00641530175750447,2,0.0631978908612805,1.06523761916483,"MBG_group_Surinam_prop_stand"
"MBG_group_Surinam_prop_stand.3",-0.0063522150196862,3,0.0632609775990988,1.06530482365106,"MBG_group_Surinam_prop_stand"
"MBG_group_Surinam_prop_stand.4",-0.00714964663962175,4,0.0624635459791632,1.06445565452197,"MBG_group_Surinam_prop_stand"
"MBG_group_Surinam_prop_stand.5",-0.00793188364810937,5,0.0616813089706756,1.06362332349761,"MBG_group_Surinam_prop_stand"
"MBG_group_Surinam_prop_stand.6",-0.00866056365477305,6,0.0609526289640119,1.06284856475704,"MBG_group_Surinam_prop_stand"
"MBG_group_Surinam_prop_stand.7",-0.00935549726891791,7,0.0602576953498671,1.06211021214539,"MBG_group_Surinam_prop_stand"
"MBG_group_Surinam_prop_stand.8",-0.0098939997847997,8,0.0597191928339853,1.06153841709436,"MBG_group_Surinam_prop_stand"
"MBG_group_Surinam_prop_stand.9",-0.011183069136022,9,0.058430123482763,1.06017090205596,"MBG_group_Surinam_prop_stand"
"MBG_group_Surinam_prop_stand.10",-0.0120394409920931,10,0.0575737516266919,1.0592633901721,"MBG_group_Surinam_prop_stand"
"MBG_group_Surinam_prop_stand.11",-0.00972551257515999,11,0.059887680043625,1.06171728780847,"MBG_group_Surinam_prop_stand"
"MBG_group_Surinam_prop_stand.12",0.00081919208762003,12,0.070432384706405,1.07297201765994,"MBG_group_Surinam_prop_stand"
"MBG_group_Surinam_prop_stand.13",0.0104578904057502,13,0.0800710830245352,1.08336407373305,"MBG_group_Surinam_prop_stand"
"MBG_group_Surinam_prop_stand.14",0.0185417623748021,14,0.0881549549935871,1.09215734415121,"MBG_group_Surinam_prop_stand"
"MBG_group_Surinam_prop_stand.15",0.0194601568220887,15,0.0890733494408737,1.09316083612184,"MBG_group_Surinam_prop_stand"
"MBG_group_Surinam_prop_stand.16",0.0224465976055662,16,0.0920597902243512,1.09643037593922,"MBG_group_Surinam_prop_stand"
"MBG_group_Surinam_prop_stand.17",0.0249480123130145,17,0.0945612049317995,1.09917643609306,"MBG_group_Surinam_prop_stand"
"MBG_group_Surinam_prop_stand.18",0.0282070969376593,18,0.0978202895564443,1.10276458898666,"MBG_group_Surinam_prop_stand"
"MBG_group_Surinam_prop_stand.19",0.0320043583935334,19,0.101617551012318,1.10696003501683,"MBG_group_Surinam_prop_stand"
"MBG_group_Surinam_prop_stand.20",0.0363083952706194,20,0.105921587889404,1.11173469962449,"MBG_group_Surinam_prop_stand"
"MBG_group_Surinam_prop_stand.21",0.0399989941833077,21,0.109612186802093,1.11584524702336,"MBG_group_Surinam_prop_stand"
"MBG_group_Surinam_prop_stand.22",0.0402355117242921,22,0.109848704343077,1.11610919521026,"MBG_group_Surinam_prop_stand"
"MBG_group_Surinam_prop_stand.23",0.04048541811007,23,0.110098610728855,1.11638815288057,"MBG_group_Surinam_prop_stand"
"MBG_group_Surinam_prop_stand.24",0.0406342134886352,24,0.11024740610742,1.11655427863747,"MBG_group_Surinam_prop_stand"
"MBG_group_Surinam_prop_stand.25",0.0394804042780742,25,0.109093596896859,1.11526673096171,"MBG_group_Surinam_prop_stand"
"MBG_group_Surinam_prop_stand.26",0.0386155627882786,26,0.108228755407064,1.1143026189827,"MBG_group_Surinam_prop_stand"
"MBG_group_Surinam_prop_stand.27",0.0379507239717345,27,0.10756391659052,1.11356203356047,"MBG_group_Surinam_prop_stand"
"MBG_group_Surinam_prop_stand.28",0.0389170385741667,28,0.108530231192952,1.11463860488373,"MBG_group_Surinam_prop_stand"
"MBG_group_Surinam_prop_stand.29",0.0373381269947027,29,0.106951319613488,1.11288007772834,"MBG_group_Surinam_prop_stand"
"MBG_group_Surinam_prop_stand.30",0.0377877619804957,30,0.107400954599281,1.11338058005952,"MBG_group_Surinam_prop_stand"
"MBG_group_Surinam_prop_stand.31",0.038553119739192,31,0.108166312357977,1.11423304070192,"MBG_group_Surinam_prop_stand"
"MBG_group_Surinam_prop_stand.32",0.0393412371897343,32,0.108954429808519,1.11511153333749,"MBG_group_Surinam_prop_stand"
"MBG_group_Surinam_prop_stand.33",0.0397188700975457,33,0.109332062716331,1.11553271566951,"MBG_group_Surinam_prop_stand"
"MBG_group_Surinam_prop_stand.34",0.0384531859797469,34,0.108066378598532,1.11412169676887,"MBG_group_Surinam_prop_stand"
"MBG_group_Surinam_prop_stand.35",0.0372250036641166,35,0.106838196282902,1.11275419214783,"MBG_group_Surinam_prop_stand"
"MBG_group_Surinam_prop_stand.36",0.0379076491874078,36,0.107520841806193,1.11351406814909,"MBG_group_Surinam_prop_stand"
"MBG_group_Surinam_prop_stand.37",0.0360808155598424,37,0.105694008178627,1.11148172015068,"MBG_group_Surinam_prop_stand"
"MBG_group_Surinam_prop_stand.38",0.0351393922081216,38,0.104752584826907,1.11043583769065,"MBG_group_Surinam_prop_stand"
"MBG_group_Surinam_prop_stand.39",0.0296110335587032,39,0.0992242261774882,1.10431388788178,"MBG_group_Surinam_prop_stand"
"MBG_group_Surinam_prop_stand.40",0.0213762126758395,40,0.0909894052946245,1.09525740126752,"MBG_group_Surinam_prop_stand"
"MBG_group_Surinam_prop_stand.41",0.00932220596712275,41,0.0789353985859077,1.08213441239893,"MBG_group_Surinam_prop_stand"
"MBG_group_Surinam_prop_stand.42",0.000769804404151723,42,0.0703829970229367,1.07291902736611,"MBG_group_Surinam_prop_stand"
"MBG_group_Surinam_prop_stand.43",-0.00676781026899246,43,0.0628453823497925,1.06486218001395,"MBG_group_Surinam_prop_stand"
"MBG_group_Surinam_prop_stand.44",-0.00997530025509355,44,0.0596378923636914,1.06145211702998,"MBG_group_Surinam_prop_stand"
"MBG_group_Surinam_prop_stand.45",-0.0138150032610466,45,0.0557981893577384,1.05738427080403,"MBG_group_Surinam_prop_stand"
"MBG_group_Surinam_prop_stand.46",-0.0173982324453214,46,0.0522149601734636,1.05360220068457,"MBG_group_Surinam_prop_stand"
"MBG_group_Surinam_prop_stand.47",-0.0182971294972098,47,0.0513160631215752,1.05265554630867,"MBG_group_Surinam_prop_stand"
"MBG_group_Surinam_prop_stand.48",-0.0196312340220221,48,0.0499819585967629,1.05125213014135,"MBG_group_Surinam_prop_stand"
"MBG_group_Surinam_prop_stand.49",-0.0167105509534691,49,0.0529026416653159,1.05432699260219,"MBG_group_Surinam_prop_stand"
"MBG_group_Surinam_prop_stand.50",-0.00852464039512358,50,0.0610885522236614,1.06299304041706,"MBG_group_Surinam_prop_stand"
"MBG_group_Surinam_prop_stand.51",-0.00472066983362808,51,0.0648925227851569,1.0670443352678,"MBG_group_Surinam_prop_stand"
"MBG_group_Surinam_prop_stand.52",-0.00772473317788592,52,0.0618884594408991,1.06384367639153,"MBG_group_Surinam_prop_stand"
"MBG_group_Surinam_prop_stand.53",-0.00298301898391532,53,0.0666301736348697,1.06890009763024,"MBG_group_Surinam_prop_stand"
"MBG_group_Surinam_prop_stand.54",0.000947922960914394,54,0.0705611155796994,1.07311015117563,"MBG_group_Surinam_prop_stand"
"MBG_group_Surinam_prop_stand.55",-0.00177864783212088,55,0.0678345447866641,1.07018822560836,"MBG_group_Surinam_prop_stand"
"MBG_group_Surinam_prop_stand.56",-0.00396608487300882,56,0.0656471077457762,1.06784981473864,"MBG_group_Surinam_prop_stand"
"MBG_group_Surinam_prop_stand.57",-0.00847751296039381,57,0.0611356796583912,1.06304313773266,"MBG_group_Surinam_prop_stand"
"MBG_group_Surinam_prop_stand.58",-0.00694593801432095,58,0.062667254604464,1.06467251540751,"MBG_group_Surinam_prop_stand"
"MBG_group_Surinam_prop_stand.59",-0.0079743160704253,59,0.0616388765483597,1.06357819234108,"MBG_group_Surinam_prop_stand"
"MBG_group_Surinam_prop_stand.60",-0.00283047096278455,60,0.0667827216560004,1.06906316866268,"MBG_group_Surinam_prop_stand"
"MBG_group_Surinam_prop_stand.61",-0.00549930581563398,61,0.064113886803151,1.06621381953064,"MBG_group_Surinam_prop_stand"
"MBG_group_Surinam_prop_stand.62",-0.0070349595780201,62,0.0625782330407649,1.06457774081391,"MBG_group_Surinam_prop_stand"
"MBG_group_Surinam_prop_stand.63",-0.00651371312155244,63,0.0630994794972325,1.06513279283583,"MBG_group_Surinam_prop_stand"
"MBG_group_Surinam_prop_stand.64",-0.00347975826968354,64,0.0661334343491014,1.06836926481286,"MBG_group_Surinam_prop_stand"
"MBG_group_Surinam_prop_stand.65",-0.00216586748259305,65,0.0674473251361919,1.06977390791885,"MBG_group_Surinam_prop_stand"
"MBG_group_Surinam_prop_stand.66",-0.00373812150302901,66,0.065875071115756,1.06809327312978,"MBG_group_Surinam_prop_stand"
"MBG_group_Surinam_prop_stand.67",-0.00626647147585409,67,0.0633467211429309,1.06539617057805,"MBG_group_Surinam_prop_stand"
"MBG_group_Surinam_prop_stand.68",-0.00916282373495126,68,0.0604503688838337,1.06231487238909,"MBG_group_Surinam_prop_stand"
"MBG_group_Surinam_prop_stand.69",-0.0130796564090835,69,0.0565335362097015,1.0581621009513,"MBG_group_Surinam_prop_stand"
"MBG_group_Surinam_prop_stand.70",-0.0142395600325099,70,0.0553736325862751,1.05693544643427,"MBG_group_Surinam_prop_stand"
"MBG_group_Surinam_prop_stand.71",-0.0131406404031846,71,0.0564725522156004,1.05809757196762,"MBG_group_Surinam_prop_stand"
"MBG_group_Surinam_prop_stand.72",-0.0127211384345748,72,0.0568920541842101,1.05854153909807,"MBG_group_Surinam_prop_stand"
"MBG_group_Surinam_prop_stand.73",-0.0134520532697103,73,0.0561611393490747,1.05776811807042,"MBG_group_Surinam_prop_stand"
"MBG_group_Surinam_prop_stand.74",-0.0143117777853375,74,0.0553014148334474,1.05685911968755,"MBG_group_Surinam_prop_stand"
"MBG_group_Surinam_prop_stand.75",-0.0152051437956454,75,0.0544080488231396,1.05591537928791,"MBG_group_Surinam_prop_stand"
"MBG_group_Surinam_prop_stand.76",-0.0132748676218654,76,0.0563383249969196,1.05795555600486,"MBG_group_Surinam_prop_stand"
"MBG_group_Surinam_prop_stand.77",-0.0147788710039999,77,0.0548343216147851,1.0563655832324,"MBG_group_Surinam_prop_stand"
"MBG_group_Surinam_prop_stand.78",-0.0141643988420723,78,0.0554487937767127,1.05701488994614,"MBG_group_Surinam_prop_stand"
"MBG_group_Surinam_prop_stand.79",-0.0138430557631681,79,0.0557701368556169,1.05735460894557,"MBG_group_Surinam_prop_stand"
"MBG_group_Surinam_prop_stand.80",-0.0131504257212257,80,0.0564627668975593,1.05808721819702,"MBG_group_Surinam_prop_stand"
"MBG_group_Surinam_prop_stand.81",-0.0102883673261876,81,0.0593248252925974,1.06111986333615,"MBG_group_Surinam_prop_stand"
"MBG_group_Surinam_prop_stand.82",-0.000464952615181866,82,0.0691482400036031,1.07159505062889,"MBG_group_Surinam_prop_stand"
"MBG_group_Surinam_prop_stand.83",0.00339212506998869,83,0.0730053176887737,1.07573625733011,"MBG_group_Surinam_prop_stand"
"MBG_group_Surinam_prop_stand.84",-0.000165236554804115,84,0.0694479560639809,1.07191627301113,"MBG_group_Surinam_prop_stand"
"MBG_group_Surinam_prop_stand.85",-0.00423908123531543,85,0.0653741113834696,1.06755833541193,"MBG_group_Surinam_prop_stand"
"MBG_group_Surinam_prop_stand.86",-0.0115987317002249,86,0.0580144609185601,1.05973032027334,"MBG_group_Surinam_prop_stand"
"MBG_group_Surinam_prop_stand.87",-0.0175402016358626,87,0.0520729909829224,1.05345263225029,"MBG_group_Surinam_prop_stand"
"MBG_group_Surinam_prop_stand.88",-0.0190202762155325,88,0.0505929164032525,1.05189459707696,"MBG_group_Surinam_prop_stand"
"MBG_group_Surinam_prop_stand.89",-0.0171543843385989,89,0.0524588082801861,1.05385915091359,"MBG_group_Surinam_prop_stand"
"MBG_group_Surinam_prop_stand.90",-0.0155456201041242,90,0.0540675725146608,1.05555592631358,"MBG_group_Surinam_prop_stand"
"MBG_group_Surinam_prop_stand.91",-0.015335282036363,91,0.054277910582422,1.05577797325918,"MBG_group_Surinam_prop_stand"
"MBG_group_Surinam_prop_stand.92",-0.0165644793871907,92,0.0530487132315942,1.05448101104595,"MBG_group_Surinam_prop_stand"
"MBG_group_Surinam_prop_stand.93",-0.0186776321727951,93,0.0509355604459899,1.0522550842501,"MBG_group_Surinam_prop_stand"
"MBG_group_Surinam_prop_stand.94",-0.0205429720457381,94,0.0490702205730468,1.05029410040422,"MBG_group_Surinam_prop_stand"
"MBG_group_Surinam_prop_stand.95",-0.0236310750040097,95,0.0459821176147753,1.04705568693638,"MBG_group_Surinam_prop_stand"
"MBG_group_Surinam_prop_stand.96",-0.0257287102468524,96,0.0438844823719326,1.04486164797746,"MBG_group_Surinam_prop_stand"
"MBG_group_Surinam_prop_stand.97",-0.0298691293815813,97,0.0397440632372037,1.04054442653769,"MBG_group_Surinam_prop_stand"
"MBG_group_Surinam_prop_stand.98",-0.0337688602598559,98,0.0358443323589291,1.03649448528038,"MBG_group_Surinam_prop_stand"
"MBG_group_Surinam_prop_stand.99",-0.0340534268923472,99,0.0355597657264378,1.03619957549784,"MBG_group_Surinam_prop_stand"
"MBG_group_Surinam_prop_stand.100",-0.035883003332231,100,0.033730189286554,1.03430550237162,"MBG_group_Surinam_prop_stand"
"MBG_group_Surinam_prop_stand.101",-0.0378960407973753,101,0.0317171518214097,1.03222550090778,"MBG_group_Surinam_prop_stand"
"MBG_group_Surinam_prop_stand.102",-0.036891891962852,102,0.032721300655933,1.03326252951988,"MBG_group_Surinam_prop_stand"
"MBG_group_Surinam_prop_stand.103",-0.0328879169592102,103,0.0367252756595748,1.037407980463,"MBG_group_Surinam_prop_stand"
"MBG_group_Surinam_prop_stand.104",-0.0318265311937724,104,0.0377866614250125,1.03850965507387,"MBG_group_Surinam_prop_stand"
"MBG_group_Turkiye_prop_stand.1",-0.0166881901844196,1,0.0226440551156622,1.02290237787174,"MBG_group_Turkiye_prop_stand"
"MBG_group_Turkiye_prop_stand.2",-0.0166733220354468,2,0.022658923264635,1.02291758664974,"MBG_group_Turkiye_prop_stand"
"MBG_group_Turkiye_prop_stand.3",-0.0166113981393021,3,0.0227208471607797,1.02298093165341,"MBG_group_Turkiye_prop_stand"
"MBG_group_Turkiye_prop_stand.4",-0.0178466231818605,4,0.0214856221182213,1.02171810008972,"MBG_group_Turkiye_prop_stand"
"MBG_group_Turkiye_prop_stand.5",-0.0190659671099864,5,0.0202662781900954,1.02047303356454,"MBG_group_Turkiye_prop_stand"
"MBG_group_Turkiye_prop_stand.6",-0.0201678032895945,6,0.0191644420104873,1.01934925867745,"MBG_group_Turkiye_prop_stand"
"MBG_group_Turkiye_prop_stand.7",-0.0212274616403977,7,0.0181047836596841,1.01826966882233,"MBG_group_Turkiye_prop_stand"
"MBG_group_Turkiye_prop_stand.8",-0.022117164158474,8,0.0172150811416079,1.01736411463055,"MBG_group_Turkiye_prop_stand"
"MBG_group_Turkiye_prop_stand.9",-0.0246858800281738,9,0.014646365271908,1.01475414884941,"MBG_group_Turkiye_prop_stand"
"MBG_group_Turkiye_prop_stand.10",-0.0274407342205487,10,0.0118915110795332,1.01196249619178,"MBG_group_Turkiye_prop_stand"
"MBG_group_Turkiye_prop_stand.11",-0.0260176736941635,11,0.0133145716059183,1.01340360522378,"MBG_group_Turkiye_prop_stand"
"MBG_group_Turkiye_prop_stand.12",-0.0230141816365786,12,0.0163180636635033,1.01645193042189,"MBG_group_Turkiye_prop_stand"
"MBG_group_Turkiye_prop_stand.13",-0.022400201243453,13,0.0169320440566289,1.01707620360386,"MBG_group_Turkiye_prop_stand"
"MBG_group_Turkiye_prop_stand.14",-0.0207183314778983,14,0.0186139138221836,1.01878823262132,"MBG_group_Turkiye_prop_stand"
"MBG_group_Turkiye_prop_stand.15",-0.0188959414125707,15,0.0204363038875112,1.02064655495489,"MBG_group_Turkiye_prop_stand"
"MBG_group_Turkiye_prop_stand.16",-0.0143459277979551,16,0.0249863175021268,1.02530109174845,"MBG_group_Turkiye_prop_stand"
"MBG_group_Turkiye_prop_stand.17",-0.0123966788622232,17,0.0269355664378587,1.02730160792894,"MBG_group_Turkiye_prop_stand"
"MBG_group_Turkiye_prop_stand.18",-0.00913441716567138,18,0.0301978281344104,1.03065840701681,"MBG_group_Turkiye_prop_stand"
"MBG_group_Turkiye_prop_stand.19",-0.00579914808542645,19,0.0335330972146554,1.03410166904481,"MBG_group_Turkiye_prop_stand"
"MBG_group_Turkiye_prop_stand.20",-0.00083799913172716,20,0.0384942461683547,1.03924474870146,"MBG_group_Turkiye_prop_stand"
"MBG_group_Turkiye_prop_stand.21",0.00359158707891359,21,0.0429238323789954,1.04385838361281,"MBG_group_Turkiye_prop_stand"
"MBG_group_Turkiye_prop_stand.22",0.00778600433204043,22,0.0471182496321223,1.04824595644987,"MBG_group_Turkiye_prop_stand"
"MBG_group_Turkiye_prop_stand.23",0.0123655968976104,23,0.0516978421976922,1.05305750489541,"MBG_group_Turkiye_prop_stand"
"MBG_group_Turkiye_prop_stand.24",0.0155011737854232,24,0.0548334190855051,1.05636462983197,"MBG_group_Turkiye_prop_stand"
"MBG_group_Turkiye_prop_stand.25",0.0175972165427089,25,0.0569294618427908,1.05858113739919,"MBG_group_Turkiye_prop_stand"
"MBG_group_Turkiye_prop_stand.26",0.0194919524969948,26,0.0588241977970767,1.06058877050745,"MBG_group_Turkiye_prop_stand"
"MBG_group_Turkiye_prop_stand.27",0.0213331008828161,27,0.0606653461828979,1.06254327052044,"MBG_group_Turkiye_prop_stand"
"MBG_group_Turkiye_prop_stand.28",0.0242967896373178,28,0.0636290349373996,1.06569698907419,"MBG_group_Turkiye_prop_stand"
"MBG_group_Turkiye_prop_stand.29",0.0260210737746421,29,0.065353319074724,1.06753613864018,"MBG_group_Turkiye_prop_stand"
"MBG_group_Turkiye_prop_stand.30",0.0297889059887828,30,0.0691211512888647,1.07156602288941,"MBG_group_Turkiye_prop_stand"
"MBG_group_Turkiye_prop_stand.31",0.0329071182551997,31,0.0722393635552816,1.07491260817627,"MBG_group_Turkiye_prop_stand"
"MBG_group_Turkiye_prop_stand.32",0.0359397209308411,32,0.0752719662309229,1.07817733884132,"MBG_group_Turkiye_prop_stand"
"MBG_group_Turkiye_prop_stand.33",0.0400396259351147,33,0.0793718712351966,1.08260683756563,"MBG_group_Turkiye_prop_stand"
"MBG_group_Turkiye_prop_stand.34",0.0431746846087804,34,0.0825069299088622,1.08600619933696,"MBG_group_Turkiye_prop_stand"
"MBG_group_Turkiye_prop_stand.35",0.0472055617365124,35,0.0865378070365943,1.09039259145111,"MBG_group_Turkiye_prop_stand"
"MBG_group_Turkiye_prop_stand.36",0.0492801726119781,36,0.0886124179120599,1.09265707993388,"MBG_group_Turkiye_prop_stand"
"MBG_group_Turkiye_prop_stand.37",0.0477367995393991,37,0.0870690448394809,1.09097200310473,"MBG_group_Turkiye_prop_stand"
"MBG_group_Turkiye_prop_stand.38",0.0531213668953473,38,0.0924536121954291,1.09686225934803,"MBG_group_Turkiye_prop_stand"
"MBG_group_Turkiye_prop_stand.39",0.0540702874557912,39,0.0934025327558731,1.09790358848908,"MBG_group_Turkiye_prop_stand"
"MBG_group_Turkiye_prop_stand.40",0.0554855896889346,40,0.0948178349890164,1.09945855400316,"MBG_group_Turkiye_prop_stand"
"MBG_group_Turkiye_prop_stand.41",0.0504905155887342,41,0.089822760888816,1.0939803704127,"MBG_group_Turkiye_prop_stand"
"MBG_group_Turkiye_prop_stand.42",0.044374527357111,42,0.0837067726571928,1.08731001803217,"MBG_group_Turkiye_prop_stand"
"MBG_group_Turkiye_prop_stand.43",0.0437011325597253,43,0.0830333778598071,1.08657807559365,"MBG_group_Turkiye_prop_stand"
"MBG_group_Turkiye_prop_stand.44",0.0429844738803387,44,0.0823167191804205,1.08579964895137,"MBG_group_Turkiye_prop_stand"
"MBG_group_Turkiye_prop_stand.45",0.0467797533615153,45,0.0861119986615971,1.08992839199066,"MBG_group_Turkiye_prop_stand"
"MBG_group_Turkiye_prop_stand.46",0.0454493819404167,46,0.0847816272404985,1.08847934650498,"MBG_group_Turkiye_prop_stand"
"MBG_group_Turkiye_prop_stand.47",0.0398969324508305,47,0.0792291777509123,1.08245236764505,"MBG_group_Turkiye_prop_stand"
"MBG_group_Turkiye_prop_stand.48",0.0327683302442464,48,0.0721005755443282,1.0747634335455,"MBG_group_Turkiye_prop_stand"
"MBG_group_Turkiye_prop_stand.49",0.0231963879956097,49,0.0625286332956915,1.06452493933884,"MBG_group_Turkiye_prop_stand"
"MBG_group_Turkiye_prop_stand.50",0.00921967919328967,50,0.0485519244933715,1.0497498781358,"MBG_group_Turkiye_prop_stand"
"MBG_group_Turkiye_prop_stand.51",-0.0012784466797316,51,0.0380537986203502,1.03878711668896,"MBG_group_Turkiye_prop_stand"
"MBG_group_Turkiye_prop_stand.52",-0.0148747367203835,52,0.0244575085796983,1.02475904671471,"MBG_group_Turkiye_prop_stand"
"MBG_group_Turkiye_prop_stand.53",-0.0222162245740784,53,0.0171160207260034,1.01726333911005,"MBG_group_Turkiye_prop_stand"
"MBG_group_Turkiye_prop_stand.54",-0.0240126696208601,54,0.0153195756792218,1.0154375219044,"MBG_group_Turkiye_prop_stand"
"MBG_group_Turkiye_prop_stand.55",-0.0223946453440911,55,0.0169375999559907,1.01708185439259,"MBG_group_Turkiye_prop_stand"
"MBG_group_Turkiye_prop_stand.56",-0.0175214799646198,56,0.0218107653354621,1.0220503588128,"MBG_group_Turkiye_prop_stand"
"MBG_group_Turkiye_prop_stand.57",-0.0142592279293344,57,0.0250730173707475,1.02538998907204,"MBG_group_Turkiye_prop_stand"
"MBG_group_Turkiye_prop_stand.58",-0.0090976459496528,58,0.030234599350429,1.03069630627654,"MBG_group_Turkiye_prop_stand"
"MBG_group_Turkiye_prop_stand.59",-0.00867843079310215,59,0.0306538145069797,1.03112848037056,"MBG_group_Turkiye_prop_stand"
"MBG_group_Turkiye_prop_stand.60",-0.00940567242860279,60,0.029926572871479,1.03037887341382,"MBG_group_Turkiye_prop_stand"
"MBG_group_Turkiye_prop_stand.61",-0.00272357155292411,61,0.0366086737471577,1.03728702376055,"MBG_group_Turkiye_prop_stand"
"MBG_group_Turkiye_prop_stand.62",0.000147006991380266,62,0.0394792522914621,1.0402689154648,"MBG_group_Turkiye_prop_stand"
"MBG_group_Turkiye_prop_stand.63",0.000725983865082818,63,0.0400582291651646,1.0408713814994,"MBG_group_Turkiye_prop_stand"
"MBG_group_Turkiye_prop_stand.64",0.000503544555361781,64,0.0398357898554436,1.04063987653665,"MBG_group_Turkiye_prop_stand"
"MBG_group_Turkiye_prop_stand.65",0.00409765509155016,65,0.043429900391632,1.04438678064162,"MBG_group_Turkiye_prop_stand"
"MBG_group_Turkiye_prop_stand.66",0.00679003509098839,66,0.0461222803910702,1.04720245545389,"MBG_group_Turkiye_prop_stand"
"MBG_group_Turkiye_prop_stand.67",0.0108364165353792,67,0.050168661835461,1.0514484206422,"MBG_group_Turkiye_prop_stand"
"MBG_group_Turkiye_prop_stand.68",0.012333285618563,68,0.0516655309186448,1.05302347981022,"MBG_group_Turkiye_prop_stand"
"MBG_group_Turkiye_prop_stand.69",0.0109964616034796,69,0.0503287069035614,1.05161671324313,"MBG_group_Turkiye_prop_stand"
"MBG_group_Turkiye_prop_stand.70",0.0048221782866012,70,0.044154423586683,1.04514373727201,"MBG_group_Turkiye_prop_stand"
"MBG_group_Turkiye_prop_stand.71",0.00909020953516076,71,0.0484224548352426,1.04961397617573,"MBG_group_Turkiye_prop_stand"
"MBG_group_Turkiye_prop_stand.72",0.010239602281526,72,0.0495718475816079,1.05082108845659,"MBG_group_Turkiye_prop_stand"
"MBG_group_Turkiye_prop_stand.73",0.00778519966336389,73,0.0471174449634457,1.04824511295952,"MBG_group_Turkiye_prop_stand"
"MBG_group_Turkiye_prop_stand.74",0.00772903312446556,74,0.0470612784245474,1.04818623831302,"MBG_group_Turkiye_prop_stand"
"MBG_group_Turkiye_prop_stand.75",0.00589575194865885,75,0.0452279972487407,1.04626637857265,"MBG_group_Turkiye_prop_stand"
"MBG_group_Turkiye_prop_stand.76",0.00571811334460748,76,0.0450503586446893,1.04608053778043,"MBG_group_Turkiye_prop_stand"
"MBG_group_Turkiye_prop_stand.77",0.000178217861065303,77,0.0395104631611471,1.04030138366903,"MBG_group_Turkiye_prop_stand"
"MBG_group_Turkiye_prop_stand.78",-0.00584212823279541,78,0.0334901170672864,1.03405722415781,"MBG_group_Turkiye_prop_stand"
"MBG_group_Turkiye_prop_stand.79",-0.0127165514203084,79,0.0266156938797734,1.02697305488603,"MBG_group_Turkiye_prop_stand"
"MBG_group_Turkiye_prop_stand.80",-0.0198264681183482,80,0.0195057771817336,1.01969725782001,"MBG_group_Turkiye_prop_stand"
"MBG_group_Turkiye_prop_stand.81",-0.0227842564341561,81,0.0165479888659258,1.01668566520747,"MBG_group_Turkiye_prop_stand"
"MBG_group_Turkiye_prop_stand.82",-0.0249989503317988,82,0.014333294968283,1.01443650918429,"MBG_group_Turkiye_prop_stand"
"MBG_group_Turkiye_prop_stand.83",-0.0207028837235643,83,0.0186293615765175,1.01880397073321,"MBG_group_Turkiye_prop_stand"
"MBG_group_Turkiye_prop_stand.84",-0.0140946234179073,84,0.0252376218821746,1.02555878678226,"MBG_group_Turkiye_prop_stand"
"MBG_group_Turkiye_prop_stand.85",-0.00682486497036689,85,0.0325073803297149,1.03304151730285,"MBG_group_Turkiye_prop_stand"
"MBG_group_Turkiye_prop_stand.86",0.00012424036953387,86,0.0394564856696157,1.04024523232537,"MBG_group_Turkiye_prop_stand"
"MBG_group_Turkiye_prop_stand.87",0.00449772137555056,87,0.0438299666756324,1.0448046881698,"MBG_group_Turkiye_prop_stand"
"MBG_group_Turkiye_prop_stand.88",0.00683337997202569,88,0.0461656252721075,1.04724784730349,"MBG_group_Turkiye_prop_stand"
"MBG_group_Turkiye_prop_stand.89",0.00356247450093761,89,0.0428947198010194,1.04382799464658,"MBG_group_Turkiye_prop_stand"
"MBG_group_Turkiye_prop_stand.90",-0.00172753207854072,90,0.0376047132215411,1.0383207172968,"MBG_group_Turkiye_prop_stand"
"MBG_group_Turkiye_prop_stand.91",-0.00528759580987967,91,0.0340446494902022,1.03463080143466,"MBG_group_Turkiye_prop_stand"
"MBG_group_Turkiye_prop_stand.92",-0.0104949882426167,92,0.0288372570574651,1.02925707651906,"MBG_group_Turkiye_prop_stand"
"MBG_group_Turkiye_prop_stand.93",-0.0217762736740977,93,0.0175559716259842,1.01771098349517,"MBG_group_Turkiye_prop_stand"
"MBG_group_Turkiye_prop_stand.94",-0.0329113776527376,94,0.00642086764734427,1.00644152560836,"MBG_group_Turkiye_prop_stand"
"MBG_group_Turkiye_prop_stand.95",-0.0412850431972876,95,-0.00195279789720575,0.998049107572074,"MBG_group_Turkiye_prop_stand"
"MBG_group_Turkiye_prop_stand.96",-0.0433925978026465,96,-0.00406035250256468,0.995947879583166,"MBG_group_Turkiye_prop_stand"
"MBG_group_Turkiye_prop_stand.97",-0.0493184958498428,97,-0.00998625054976094,0.990063446483675,"MBG_group_Turkiye_prop_stand"
"MBG_group_Turkiye_prop_stand.98",-0.0487097902104731,98,-0.00937754491039126,0.990666287144524,"MBG_group_Turkiye_prop_stand"
"MBG_group_Turkiye_prop_stand.99",-0.046840372402096,99,-0.00750812710201414,0.992519988475163,"MBG_group_Turkiye_prop_stand"
"MBG_group_Turkiye_prop_stand.100",-0.0441692312893166,100,-0.00483698598923479,0.995174693388911,"MBG_group_Turkiye_prop_stand"
"MBG_group_Turkiye_prop_stand.101",-0.0416989274944238,101,-0.002366682194342,0.997636116189898,"MBG_group_Turkiye_prop_stand"
"MBG_group_Turkiye_prop_stand.102",-0.033885030392823,102,0.00544721490725888,1.00546207795754,"MBG_group_Turkiye_prop_stand"
"MBG_group_Turkiye_prop_stand.103",-0.0354495751203789,103,0.00388267017970292,1.00389021750833,"MBG_group_Turkiye_prop_stand"
"MBG_group_Turkiye_prop_stand.104",-0.0412128760321725,104,-0.00188063073209069,0.998121136545845,"MBG_group_Turkiye_prop_stand"
"MBG_group_Other_W_prop_stand.1",0.105095929633967,1,0.024534267331359,1.02483770895886,"MBG_group_Other_W_prop_stand"
"MBG_group_Other_W_prop_stand.2",0.105335129804525,2,0.024773467501917,1.0250828796349,"MBG_group_Other_W_prop_stand"
"MBG_group_Other_W_prop_stand.3",0.105670893593952,3,0.0251092312913442,1.02542712313606,"MBG_group_Other_W_prop_stand"
"MBG_group_Other_W_prop_stand.4",0.105327841656383,4,0.0247661793537758,1.02507540870624,"MBG_group_Other_W_prop_stand"
"MBG_group_Other_W_prop_stand.5",0.105012455461253,5,0.0244507931586452,1.02475216504934,"MBG_group_Other_W_prop_stand"
"MBG_group_Other_W_prop_stand.6",0.105073286304503,6,0.0245116240018957,1.0248145034837,"MBG_group_Other_W_prop_stand"
"MBG_group_Other_W_prop_stand.7",0.10521026150857,7,0.0246485992059622,1.02495488727377,"MBG_group_Other_W_prop_stand"
"MBG_group_Other_W_prop_stand.8",0.106425225493384,8,0.0258635631907764,1.02620092734149,"MBG_group_Other_W_prop_stand"
"MBG_group_Other_W_prop_stand.9",0.104982235434001,9,0.0244205731313937,1.02472119747891,"MBG_group_Other_W_prop_stand"
"MBG_group_Other_W_prop_stand.10",0.105598368394664,10,0.0250367060920559,1.02535275652636,"MBG_group_Other_W_prop_stand"
"MBG_group_Other_W_prop_stand.11",0.0939084783004331,11,0.0133468159978254,1.01343628233361,"MBG_group_Other_W_prop_stand"
"MBG_group_Other_W_prop_stand.12",0.0822483113994852,12,0.0016866490968775,1.0016880722895,"MBG_group_Other_W_prop_stand"
"MBG_group_Other_W_prop_stand.13",0.0656094762034182,13,-0.0149521860991895,0.985159042773714,"MBG_group_Other_W_prop_stand"
"MBG_group_Other_W_prop_stand.14",0.0539613069694534,14,-0.0266003553331543,0.973750317894396,"MBG_group_Other_W_prop_stand"
"MBG_group_Other_W_prop_stand.15",0.055992146467854,15,-0.0245695158347536,0.975729857885204,"MBG_group_Other_W_prop_stand"
"MBG_group_Other_W_prop_stand.16",0.0650239175506502,16,-0.0155377447519574,0.984582343234046,"MBG_group_Other_W_prop_stand"
"MBG_group_Other_W_prop_stand.17",0.0747692042238268,17,-0.00579245807878086,0.994224285861393,"MBG_group_Other_W_prop_stand"
"MBG_group_Other_W_prop_stand.18",0.0787907076600797,18,-0.00177095464252797,0.998230612572353,"MBG_group_Other_W_prop_stand"
"MBG_group_Other_W_prop_stand.19",0.0848834932710993,19,0.00432183096849163,1.00433118354852,"MBG_group_Other_W_prop_stand"
"MBG_group_Other_W_prop_stand.20",0.0921743357722401,20,0.0116126734696325,1.01168036232462,"MBG_group_Other_W_prop_stand"
"MBG_group_Other_W_prop_stand.21",0.0987560081378551,21,0.0181943458352475,1.01836087135327,"MBG_group_Other_W_prop_stand"
"MBG_group_Other_W_prop_stand.22",0.101529064904688,22,0.02096740260208,1.02118876299851,"MBG_group_Other_W_prop_stand"
"MBG_group_Other_W_prop_stand.23",0.0991364745123459,23,0.0185748122097382,1.0187483971375,"MBG_group_Other_W_prop_stand"
"MBG_group_Other_W_prop_stand.24",0.0960990891448861,24,0.0155374268422784,1.0156587602472,"MBG_group_Other_W_prop_stand"
"MBG_group_Other_W_prop_stand.25",0.0917013300363222,25,0.0111396677337145,1.01120194486635,"MBG_group_Other_W_prop_stand"
"MBG_group_Other_W_prop_stand.26",0.0897218961474438,26,0.00916023384483618,1.00920231718648,"MBG_group_Other_W_prop_stand"
"MBG_group_Other_W_prop_stand.27",0.0907185115348523,27,0.0101568492322446,1.01020860510252,"MBG_group_Other_W_prop_stand"
"MBG_group_Other_W_prop_stand.28",0.0936390509911738,28,0.0130773886885661,1.01316327170287,"MBG_group_Other_W_prop_stand"
"MBG_group_Other_W_prop_stand.29",0.0982769961323555,29,0.0177153338297479,1.01787318108403,"MBG_group_Other_W_prop_stand"
"MBG_group_Other_W_prop_stand.30",0.103768751222946,30,0.0232070889203384,1.02347846865344,"MBG_group_Other_W_prop_stand"
"MBG_group_Other_W_prop_stand.31",0.106094396326318,31,0.02553273402371,1.02586148629505,"MBG_group_Other_W_prop_stand"
"MBG_group_Other_W_prop_stand.32",0.100145186296703,32,0.0195835239940955,1.01977653911328,"MBG_group_Other_W_prop_stand"
"MBG_group_Other_W_prop_stand.33",0.100478000653387,33,0.0199163383507797,1.02011599187035,"MBG_group_Other_W_prop_stand"
"MBG_group_Other_W_prop_stand.34",0.0966584332768676,34,0.0160967709742599,1.01622702192694,"MBG_group_Other_W_prop_stand"
"MBG_group_Other_W_prop_stand.35",0.0849800998936053,35,0.00441843759099762,1.00442821327882,"MBG_group_Other_W_prop_stand"
"MBG_group_Other_W_prop_stand.36",0.0713704955746202,36,-0.0091911667279875,0.990850942933862,"MBG_group_Other_W_prop_stand"
"MBG_group_Other_W_prop_stand.37",0.0528128839496924,37,-0.0277487783529153,0.972632682495771,"MBG_group_Other_W_prop_stand"
"MBG_group_Other_W_prop_stand.38",0.0284195826503404,38,-0.0521420796522672,0.949193996109022,"MBG_group_Other_W_prop_stand"
"MBG_group_Other_W_prop_stand.39",-0.00164593589725855,39,-0.0822075981998662,0.921080724146797,"MBG_group_Other_W_prop_stand"
"MBG_group_Other_W_prop_stand.40",-0.0163305685936846,40,-0.0968922308962923,0.907653817901067,"MBG_group_Other_W_prop_stand"
"MBG_group_Other_W_prop_stand.41",-0.0223918444161698,41,-0.102953506718777,0.902168917299638,"MBG_group_Other_W_prop_stand"
"MBG_group_Other_W_prop_stand.42",-0.0204022703747798,42,-0.100963932677387,0.90396563591813,"MBG_group_Other_W_prop_stand"
"MBG_group_Other_W_prop_stand.43",-0.0132134493805441,43,-0.0937751116831517,0.910487497219413,"MBG_group_Other_W_prop_stand"
"MBG_group_Other_W_prop_stand.44",-0.0214069420906466,44,-0.101968604393254,0.903057903274616,"MBG_group_Other_W_prop_stand"
"MBG_group_Other_W_prop_stand.45",-0.00992825600885542,45,-0.0904899183114631,0.913483543311097,"MBG_group_Other_W_prop_stand"
"MBG_group_Other_W_prop_stand.46",-0.0105016956978935,46,-0.0910633580005012,0.912959865755177,"MBG_group_Other_W_prop_stand"
"MBG_group_Other_W_prop_stand.47",-0.0243675561806113,47,-0.104929218483219,0.900388251176946,"MBG_group_Other_W_prop_stand"
"MBG_group_Other_W_prop_stand.48",-0.0406762830808471,48,-0.121237945383455,0.885823156983355,"MBG_group_Other_W_prop_stand"
"MBG_group_Other_W_prop_stand.49",-0.0725055241931195,49,-0.153067186495727,0.858072069019272,"MBG_group_Other_W_prop_stand"
"MBG_group_Other_W_prop_stand.50",-0.0946755836066625,50,-0.17523724590927,0.839257886647834,"MBG_group_Other_W_prop_stand"
"MBG_group_Other_W_prop_stand.51",-0.114083245400749,51,-0.194644907703356,0.823126892186479,"MBG_group_Other_W_prop_stand"
"MBG_group_Other_W_prop_stand.52",-0.118701625633587,52,-0.199263287936195,0.819334144136228,"MBG_group_Other_W_prop_stand"
"MBG_group_Other_W_prop_stand.53",-0.10681932427092,53,-0.187380986573528,0.829127789647899,"MBG_group_Other_W_prop_stand"
"MBG_group_Other_W_prop_stand.54",-0.0874722292957586,54,-0.168033891598366,0.845325184777515,"MBG_group_Other_W_prop_stand"
"MBG_group_Other_W_prop_stand.55",-0.0729171929113642,55,-0.153478855213972,0.857718900289704,"MBG_group_Other_W_prop_stand"
"MBG_group_Other_W_prop_stand.56",-0.0756154419772172,56,-0.156177104279825,0.855407680593671,"MBG_group_Other_W_prop_stand"
"MBG_group_Other_W_prop_stand.57",-0.0817199084825418,57,-0.162281570785149,0.850201778851769,"MBG_group_Other_W_prop_stand"
"MBG_group_Other_W_prop_stand.58",-0.0885196716459845,58,-0.169081333948592,0.844440218935527,"MBG_group_Other_W_prop_stand"
"MBG_group_Other_W_prop_stand.59",-0.0951600334684539,59,-0.175721695771062,0.838851406748155,"MBG_group_Other_W_prop_stand"
"MBG_group_Other_W_prop_stand.60",-0.0882261192878443,60,-0.168787781590452,0.844688142740633,"MBG_group_Other_W_prop_stand"
"MBG_group_Other_W_prop_stand.61",-0.0683361958553183,61,-0.148897858157926,0.861657121649937,"MBG_group_Other_W_prop_stand"
"MBG_group_Other_W_prop_stand.62",-0.0585659360463135,62,-0.139127598348921,0.870116995882573,"MBG_group_Other_W_prop_stand"
"MBG_group_Other_W_prop_stand.63",-0.0696629450440582,63,-0.150224607346666,0.86051467679929,"MBG_group_Other_W_prop_stand"
"MBG_group_Other_W_prop_stand.64",-0.0741169373689201,64,-0.154678599671528,0.856690473840765,"MBG_group_Other_W_prop_stand"
"MBG_group_Other_W_prop_stand.65",-0.0621981688003533,65,-0.142759831102961,0.866962261263885,"MBG_group_Other_W_prop_stand"
"MBG_group_Other_W_prop_stand.66",-0.0605538768143299,66,-0.141115539116938,0.868388973006158,"MBG_group_Other_W_prop_stand"
"MBG_group_Other_W_prop_stand.67",-0.0569011143175261,67,-0.137462776620134,0.871566792055132,"MBG_group_Other_W_prop_stand"
"MBG_group_Other_W_prop_stand.68",-0.0626609127994935,68,-0.143222575102101,0.866561172487873,"MBG_group_Other_W_prop_stand"
"MBG_group_Other_W_prop_stand.69",-0.0663983569707022,69,-0.14696001927331,0.863328493226863,"MBG_group_Other_W_prop_stand"
"MBG_group_Other_W_prop_stand.70",-0.0623369614620106,70,-0.142898623764618,0.866841941614023,"MBG_group_Other_W_prop_stand"
"MBG_group_Other_W_prop_stand.71",-0.0670021874298871,71,-0.147563849732495,0.862807346544325,"MBG_group_Other_W_prop_stand"
"MBG_group_Other_W_prop_stand.72",-0.0671521634572457,72,-0.147713825759853,0.86267795582911,"MBG_group_Other_W_prop_stand"
"MBG_group_Other_W_prop_stand.73",-0.0549314846736262,73,-0.135493146976234,0.873285147551844,"MBG_group_Other_W_prop_stand"
"MBG_group_Other_W_prop_stand.74",-0.0463216806011512,74,-0.126883342903759,0.880836422423096,"MBG_group_Other_W_prop_stand"
"MBG_group_Other_W_prop_stand.75",-0.043427891122052,75,-0.12398955342466,0.883389069225015,"MBG_group_Other_W_prop_stand"
"MBG_group_Other_W_prop_stand.76",-0.0335703912660984,76,-0.114132053568706,0.892140137814447,"MBG_group_Other_W_prop_stand"
"MBG_group_Other_W_prop_stand.77",-0.0234246271165583,77,-0.103986289419166,0.901237653828201,"MBG_group_Other_W_prop_stand"
"MBG_group_Other_W_prop_stand.78",-0.015932686705043,78,-0.0964943490076507,0.908015028771232,"MBG_group_Other_W_prop_stand"
"MBG_group_Other_W_prop_stand.79",-0.00410556078374015,79,-0.0846672230863478,0.918817994948497,"MBG_group_Other_W_prop_stand"
"MBG_group_Other_W_prop_stand.80",0.00550301082481021,80,-0.0750586514777975,0.927689074397748,"MBG_group_Other_W_prop_stand"
"MBG_group_Other_W_prop_stand.81",0.010405517328066,81,-0.0701561449745416,0.932248242662549,"MBG_group_Other_W_prop_stand"
"MBG_group_Other_W_prop_stand.82",0.0131443752849888,82,-0.0674172870176189,0.934805037931043,"MBG_group_Other_W_prop_stand"
"MBG_group_Other_W_prop_stand.83",0.00897776402487152,83,-0.0715838982777361,0.930918171887106,"MBG_group_Other_W_prop_stand"
"MBG_group_Other_W_prop_stand.84",-0.011417258162087,84,-0.0919789204646947,0.912124376500439,"MBG_group_Other_W_prop_stand"
"MBG_group_Other_W_prop_stand.85",-0.0247926750491685,85,-0.105354337351776,0.900005560492622,"MBG_group_Other_W_prop_stand"
"MBG_group_Other_W_prop_stand.86",-0.036453752987649,86,-0.117015415290257,0.889571480055147,"MBG_group_Other_W_prop_stand"
"MBG_group_Other_W_prop_stand.87",-0.0477590660465187,87,-0.128320728349126,0.879571230471835,"MBG_group_Other_W_prop_stand"
"MBG_group_Other_W_prop_stand.88",-0.0533014289553855,88,-0.133863091257993,0.874709811825884,"MBG_group_Other_W_prop_stand"
"MBG_group_Other_W_prop_stand.89",-0.0482184927137634,89,-0.128780155016371,0.87916722480541,"MBG_group_Other_W_prop_stand"
"MBG_group_Other_W_prop_stand.90",-0.0498103039445238,90,-0.130371966247131,0.877768869797122,"MBG_group_Other_W_prop_stand"
"MBG_group_Other_W_prop_stand.91",-0.0509457843894561,91,-0.131507446692064,0.876772746056837,"MBG_group_Other_W_prop_stand"
"MBG_group_Other_W_prop_stand.92",-0.0600669942875295,92,-0.140628656590137,0.868811879368086,"MBG_group_Other_W_prop_stand"
"MBG_group_Other_W_prop_stand.93",-0.0827945588203134,93,-0.163356221122921,0.849288599984824,"MBG_group_Other_W_prop_stand"
"MBG_group_Other_W_prop_stand.94",-0.0973787105023685,94,-0.177940372804976,0.83699232950574,"MBG_group_Other_W_prop_stand"
"MBG_group_Other_W_prop_stand.95",-0.107704235303052,95,-0.188265897605659,0.828394409855584,"MBG_group_Other_W_prop_stand"
"MBG_group_Other_W_prop_stand.96",-0.101057753857722,96,-0.18161941616033,0.833918655993385,"MBG_group_Other_W_prop_stand"
"MBG_group_Other_W_prop_stand.97",-0.0891860437450185,97,-0.169747706047626,0.843877694980277,"MBG_group_Other_W_prop_stand"
"MBG_group_Other_W_prop_stand.98",-0.0734949985878892,98,-0.154056660890497,0.85722344859144,"MBG_group_Other_W_prop_stand"
"MBG_group_Other_W_prop_stand.99",-0.0597038672834959,99,-0.140265529586104,0.869127425711141,"MBG_group_Other_W_prop_stand"
"MBG_group_Other_W_prop_stand.100",-0.0449565481288021,100,-0.12551821043141,0.882039701957288,"MBG_group_Other_W_prop_stand"
"MBG_group_Other_W_prop_stand.101",-0.0302806737237946,101,-0.110842336026402,0.89507985965206,"MBG_group_Other_W_prop_stand"
"MBG_group_Other_W_prop_stand.102",-0.0377160916005737,102,-0.118277753903181,0.888449248094308,"MBG_group_Other_W_prop_stand"
"MBG_group_Other_W_prop_stand.103",-0.0320561176150621,103,-0.11261777991767,0.89349210548434,"MBG_group_Other_W_prop_stand"
"MBG_group_Other_W_prop_stand.104",-0.0294145438215717,104,-0.109976206124179,0.895855450916289,"MBG_group_Other_W_prop_stand"
"MBG_group_Other_nW_prop_stand.1",-0.201100484161162,1,-0.206924667860993,0.813080898803833,"MBG_group_Other_nW_prop_stand"
"MBG_group_Other_nW_prop_stand.2",-0.20132558691305,2,-0.20714977061288,0.812897892654372,"MBG_group_Other_nW_prop_stand"
"MBG_group_Other_nW_prop_stand.3",-0.201366662252349,3,-0.20719084595218,0.812864503283359,"MBG_group_Other_nW_prop_stand"
"MBG_group_Other_nW_prop_stand.4",-0.207924373322513,4,-0.213748557022343,0.807551412628481,"MBG_group_Other_nW_prop_stand"
"MBG_group_Other_nW_prop_stand.5",-0.214015189879437,5,-0.219839373579267,0.802647714037953,"MBG_group_Other_nW_prop_stand"
"MBG_group_Other_nW_prop_stand.6",-0.219234030166556,6,-0.225058213866386,0.798469735395912,"MBG_group_Other_nW_prop_stand"
"MBG_group_Other_nW_prop_stand.7",-0.223606418228979,7,-0.229430601928809,0.794986137228069,"MBG_group_Other_nW_prop_stand"
"MBG_group_Other_nW_prop_stand.8",-0.225452782682929,8,-0.231276966382759,0.793519657327698,"MBG_group_Other_nW_prop_stand"
"MBG_group_Other_nW_prop_stand.9",-0.233993539674466,9,-0.239817723374296,0.786771258007311,"MBG_group_Other_nW_prop_stand"
"MBG_group_Other_nW_prop_stand.10",-0.235078445592007,10,-0.240902629291837,0.785918148069435,"MBG_group_Other_nW_prop_stand"
"MBG_group_Other_nW_prop_stand.11",-0.196610124385722,11,-0.202434308085552,0.81674013405887,"MBG_group_Other_nW_prop_stand"
"MBG_group_Other_nW_prop_stand.12",-0.0882997441254746,12,-0.0941239278253049,0.910169959867451,"MBG_group_Other_nW_prop_stand"
"MBG_group_Other_nW_prop_stand.13",-0.0123751131624664,13,-0.0181992968622967,0.98196531025033,"MBG_group_Other_nW_prop_stand"
"MBG_group_Other_nW_prop_stand.14",0.0132606518180921,14,0.00743646811826177,1.00746418731567,"MBG_group_Other_nW_prop_stand"
"MBG_group_Other_nW_prop_stand.15",0.0132541168537724,15,0.00742993315394205,1.00745760359467,"MBG_group_Other_nW_prop_stand"
"MBG_group_Other_nW_prop_stand.16",0.0216282794577133,16,0.015804095757883,1.01592964098355,"MBG_group_Other_nW_prop_stand"
"MBG_group_Other_nW_prop_stand.17",0.00809234620125306,17,0.00226816250142276,1.00227073672788,"MBG_group_Other_nW_prop_stand"
"MBG_group_Other_nW_prop_stand.18",-0.0193288815628821,18,-0.0251530652627124,0.975160637385095,"MBG_group_Other_nW_prop_stand"
"MBG_group_Other_nW_prop_stand.19",-0.0451289371756013,19,-0.0509531208754316,0.950323219808805,"MBG_group_Other_nW_prop_stand"
"MBG_group_Other_nW_prop_stand.20",-0.0804372708824589,20,-0.0862614545822892,0.917354353363665,"MBG_group_Other_nW_prop_stand"
"MBG_group_Other_nW_prop_stand.21",-0.107349179614301,21,-0.113173363314131,0.892995833978533,"MBG_group_Other_nW_prop_stand"
"MBG_group_Other_nW_prop_stand.22",-0.109596184258002,22,-0.115420367957833,0.89099152088651,"MBG_group_Other_nW_prop_stand"
"MBG_group_Other_nW_prop_stand.23",-0.118111265851376,23,-0.123935449551207,0.88343686528839,"MBG_group_Other_nW_prop_stand"
"MBG_group_Other_nW_prop_stand.24",-0.112849479594451,24,-0.118673663294281,0.888097572313937,"MBG_group_Other_nW_prop_stand"
"MBG_group_Other_nW_prop_stand.25",-0.0988294884768133,25,-0.104653672176644,0.900636384018516,"MBG_group_Other_nW_prop_stand"
"MBG_group_Other_nW_prop_stand.26",-0.0819298336476492,26,-0.0877540173474795,0.915986165720313,"MBG_group_Other_nW_prop_stand"
"MBG_group_Other_nW_prop_stand.27",-0.0470215893585811,27,-0.0528457730584114,0.948526289510726,"MBG_group_Other_nW_prop_stand"
"MBG_group_Other_nW_prop_stand.28",0.00856757709672275,28,0.00274339339689245,1.00274715994414,"MBG_group_Other_nW_prop_stand"
"MBG_group_Other_nW_prop_stand.29",0.03918717725633,29,0.0333629935564997,1.03392577952815,"MBG_group_Other_nW_prop_stand"
"MBG_group_Other_nW_prop_stand.30",0.0752077191452196,30,0.0693835354453893,1.07184722172594,"MBG_group_Other_nW_prop_stand"
"MBG_group_Other_nW_prop_stand.31",0.11254966119454,31,0.10672547749471,1.11262877091254,"MBG_group_Other_nW_prop_stand"
"MBG_group_Other_nW_prop_stand.32",0.118612847537451,32,0.11278866383762,1.11939533923388,"MBG_group_Other_nW_prop_stand"
"MBG_group_Other_nW_prop_stand.33",0.138262959345828,33,0.132438775645998,1.14160911966865,"MBG_group_Other_nW_prop_stand"
"MBG_group_Other_nW_prop_stand.34",0.157329721663636,34,0.151505537963805,1.16358474568204,"MBG_group_Other_nW_prop_stand"
"MBG_group_Other_nW_prop_stand.35",0.171661688599455,35,0.165837504899624,1.18038127996408,"MBG_group_Other_nW_prop_stand"
"MBG_group_Other_nW_prop_stand.36",0.17539732997956,36,0.16957314627973,1.18479900750326,"MBG_group_Other_nW_prop_stand"
"MBG_group_Other_nW_prop_stand.37",0.152064736835862,37,0.146240553136032,1.15747458870657,"MBG_group_Other_nW_prop_stand"
"MBG_group_Other_nW_prop_stand.38",0.13797222218855,38,0.13214803848872,1.14127725972282,"MBG_group_Other_nW_prop_stand"
"MBG_group_Other_nW_prop_stand.39",0.112589716524548,39,0.106765532824718,1.11267333851771,"MBG_group_Other_nW_prop_stand"
"MBG_group_Other_nW_prop_stand.40",0.0642640776657528,40,0.0584398939659225,1.06018126048851,"MBG_group_Other_nW_prop_stand"
"MBG_group_Other_nW_prop_stand.41",0.0621527860698193,41,0.056328602369989,1.05794526994768,"MBG_group_Other_nW_prop_stand"
"MBG_group_Other_nW_prop_stand.42",0.0577599008560189,42,0.0519357171561886,1.05330803070141,"MBG_group_Other_nW_prop_stand"
"MBG_group_Other_nW_prop_stand.43",0.0260769462401602,43,0.0202527625403299,1.02045924130163,"MBG_group_Other_nW_prop_stand"
"MBG_group_Other_nW_prop_stand.44",0.0189001240510547,44,0.0130759403512244,1.01316180430173,"MBG_group_Other_nW_prop_stand"
"MBG_group_Other_nW_prop_stand.45",0.0404100259295919,45,0.0345858422297616,1.03519088765615,"MBG_group_Other_nW_prop_stand"
"MBG_group_Other_nW_prop_stand.46",0.0573782894081676,46,0.0515541057083373,1.05290615298423,"MBG_group_Other_nW_prop_stand"
"MBG_group_Other_nW_prop_stand.47",0.0504763512493553,47,0.044652167549525,1.04566408074571,"MBG_group_Other_nW_prop_stand"
"MBG_group_Other_nW_prop_stand.48",0.0370229508687291,48,0.0311987671688988,1.0316905497174,"MBG_group_Other_nW_prop_stand"
"MBG_group_Other_nW_prop_stand.49",0.0515564122548035,49,0.0457322285549732,1.04679407186394,"MBG_group_Other_nW_prop_stand"
"MBG_group_Other_nW_prop_stand.50",0.0658031112848157,50,0.0599789275849854,1.06181417132072,"MBG_group_Other_nW_prop_stand"
"MBG_group_Other_nW_prop_stand.51",0.0392799149072379,51,0.0334557312074076,1.03402166782232,"MBG_group_Other_nW_prop_stand"
"MBG_group_Other_nW_prop_stand.52",0.0114552741210052,52,0.00563109042117486,1.00564697481233,"MBG_group_Other_nW_prop_stand"
"MBG_group_Other_nW_prop_stand.53",0.0471916638553351,53,0.0413674801555048,1.04223503587458,"MBG_group_Other_nW_prop_stand"
"MBG_group_Other_nW_prop_stand.54",0.0376941143153488,54,0.0318699306155185,1.03238321512245,"MBG_group_Other_nW_prop_stand"
"MBG_group_Other_nW_prop_stand.55",0.0179912196034369,55,0.0121670359036066,1.01224135539506,"MBG_group_Other_nW_prop_stand"
"MBG_group_Other_nW_prop_stand.56",0.0309975568475628,56,0.0251733731477325,1.02549289804477,"MBG_group_Other_nW_prop_stand"
"MBG_group_Other_nW_prop_stand.57",0.0543016844229935,57,0.0484775007231632,1.04967175469925,"MBG_group_Other_nW_prop_stand"
"MBG_group_Other_nW_prop_stand.58",0.0752865460312198,58,0.0694623623313895,1.07193171543484,"MBG_group_Other_nW_prop_stand"
"MBG_group_Other_nW_prop_stand.59",0.0592112275198058,59,0.0533870438199755,1.05483783458561,"MBG_group_Other_nW_prop_stand"
"MBG_group_Other_nW_prop_stand.60",0.0629630709593947,60,0.0571388872595644,1.05880285441086,"MBG_group_Other_nW_prop_stand"
"MBG_group_Other_nW_prop_stand.61",0.0608893026189133,61,0.055065118919083,1.05660941769845,"MBG_group_Other_nW_prop_stand"
"MBG_group_Other_nW_prop_stand.62",0.0525832970052959,62,0.0467591133054656,1.04786956084035,"MBG_group_Other_nW_prop_stand"
"MBG_group_Other_nW_prop_stand.63",0.074005056151315,63,0.0681808724514847,1.07055892558558,"MBG_group_Other_nW_prop_stand"
"MBG_group_Other_nW_prop_stand.64",0.0316362006505841,64,0.0258120169507538,1.02614803190547,"MBG_group_Other_nW_prop_stand"
"MBG_group_Other_nW_prop_stand.65",-0.00815798565003914,65,-0.0139821693498694,0.986115127179925,"MBG_group_Other_nW_prop_stand"
"MBG_group_Other_nW_prop_stand.66",-0.0267820605007707,66,-0.032606244200601,0.967919608523203,"MBG_group_Other_nW_prop_stand"
"MBG_group_Other_nW_prop_stand.67",-0.0107115117993817,67,-0.016535695499212,0.983600268661414,"MBG_group_Other_nW_prop_stand"
"MBG_group_Other_nW_prop_stand.68",-0.0408838672907912,68,-0.0467080509906215,0.954365983125365,"MBG_group_Other_nW_prop_stand"
"MBG_group_Other_nW_prop_stand.69",-0.0508694278255399,69,-0.0566936115253702,0.944883526443473,"MBG_group_Other_nW_prop_stand"
"MBG_group_Other_nW_prop_stand.70",-0.0942526768841608,70,-0.100076860583991,0.90476787437621,"MBG_group_Other_nW_prop_stand"
"MBG_group_Other_nW_prop_stand.71",-0.0774787790087049,71,-0.0833029627085352,0.920072357377355,"MBG_group_Other_nW_prop_stand"
"MBG_group_Other_nW_prop_stand.72",-0.0735031126477578,72,-0.0793272963475881,0.923737539040309,"MBG_group_Other_nW_prop_stand"
"MBG_group_Other_nW_prop_stand.73",-0.0586471703638312,73,-0.0644713540636615,0.937562971246564,"MBG_group_Other_nW_prop_stand"
"MBG_group_Other_nW_prop_stand.74",0.0110639285804937,74,0.0052397448806634,1.00525349635145,"MBG_group_Other_nW_prop_stand"
"MBG_group_Other_nW_prop_stand.75",0.0136401626815969,75,0.00781597898176655,1.00784660348031,"MBG_group_Other_nW_prop_stand"
"MBG_group_Other_nW_prop_stand.76",0.0597869353262451,76,0.0539627516264148,1.05544528780251,"MBG_group_Other_nW_prop_stand"
"MBG_group_Other_nW_prop_stand.77",0.0780882968600957,77,0.0722641131602654,1.07493921216793,"MBG_group_Other_nW_prop_stand"
"MBG_group_Other_nW_prop_stand.78",0.104114091490849,78,0.0982899077910184,1.10328258896769,"MBG_group_Other_nW_prop_stand"
"MBG_group_Other_nW_prop_stand.79",0.133299808515898,79,0.127475624816068,1.13595717873852,"MBG_group_Other_nW_prop_stand"
"MBG_group_Other_nW_prop_stand.80",0.166288375809422,80,0.160464192109592,1.17405573192894,"MBG_group_Other_nW_prop_stand"
"MBG_group_Other_nW_prop_stand.81",0.165004333048648,81,0.159180149348817,1.17254916162295,"MBG_group_Other_nW_prop_stand"
"MBG_group_Other_nW_prop_stand.82",0.190639822735296,82,0.184815639035466,1.20299663406235,"MBG_group_Other_nW_prop_stand"
"MBG_group_Other_nW_prop_stand.83",0.227762957412666,83,0.221938773712836,1.24849493481474,"MBG_group_Other_nW_prop_stand"
"MBG_group_Other_nW_prop_stand.84",0.249616318377326,84,0.243792134677496,1.2760790503358,"MBG_group_Other_nW_prop_stand"
"MBG_group_Other_nW_prop_stand.85",0.236184545612771,85,0.230360361912941,1.25905364316785,"MBG_group_Other_nW_prop_stand"
"MBG_group_Other_nW_prop_stand.86",0.184489391772883,86,0.178665208073053,1.19562039309917,"MBG_group_Other_nW_prop_stand"
"MBG_group_Other_nW_prop_stand.87",0.119170518917621,87,0.113346335217791,1.12001976807453,"MBG_group_Other_nW_prop_stand"
"MBG_group_Other_nW_prop_stand.88",0.0773826828026988,88,0.0715584991028685,1.07418098748743,"MBG_group_Other_nW_prop_stand"
"MBG_group_Other_nW_prop_stand.89",0.0688580585718272,89,0.0630338748719969,1.06506291749023,"MBG_group_Other_nW_prop_stand"
"MBG_group_Other_nW_prop_stand.90",0.0210677891192896,90,0.0152436054194592,1.0153603817823,"MBG_group_Other_nW_prop_stand"
"MBG_group_Other_nW_prop_stand.91",-0.00265510538403265,91,-0.00847928908386295,0.99155655869504,"MBG_group_Other_nW_prop_stand"
"MBG_group_Other_nW_prop_stand.92",-0.0343830814389153,92,-0.0402072651387456,0.960590321631685,"MBG_group_Other_nW_prop_stand"
"MBG_group_Other_nW_prop_stand.93",-0.105249753527399,93,-0.111073937227229,0.894872582085522,"MBG_group_Other_nW_prop_stand"
"MBG_group_Other_nW_prop_stand.94",-0.150311735532579,94,-0.156135919232409,0.855442911325041,"MBG_group_Other_nW_prop_stand"
"MBG_group_Other_nW_prop_stand.95",-0.15256230490279,95,-0.158386488602621,0.853519842522425,"MBG_group_Other_nW_prop_stand"
"MBG_group_Other_nW_prop_stand.96",-0.135705102453688,96,-0.141529286153519,0.86802975396001,"MBG_group_Other_nW_prop_stand"
"MBG_group_Other_nW_prop_stand.97",-0.130480233770127,97,-0.136304417469957,0.872576964381924,"MBG_group_Other_nW_prop_stand"
"MBG_group_Other_nW_prop_stand.98",-0.074392050298427,98,-0.0802162339982573,0.922916758827785,"MBG_group_Other_nW_prop_stand"
"MBG_group_Other_nW_prop_stand.99",-0.0678139897744236,99,-0.0736381734742539,0.929007772691283,"MBG_group_Other_nW_prop_stand"
"MBG_group_Other_nW_prop_stand.100",-0.0568970877495962,100,-0.0627212714494265,0.939205220519088,"MBG_group_Other_nW_prop_stand"
"MBG_group_Other_nW_prop_stand.101",-0.0384082899085769,101,-0.0442324736084072,0.956731516790269,"MBG_group_Other_nW_prop_stand"
"MBG_group_Other_nW_prop_stand.102",-0.039663326974844,102,-0.0454875106746743,0.955531536441649,"MBG_group_Other_nW_prop_stand"
"MBG_group_Other_nW_prop_stand.103",-0.0153710639904619,103,-0.0211952476902922,0.979027792991849,"MBG_group_Other_nW_prop_stand"
"MBG_group_Other_nW_prop_stand.104",-0.0232695861844498,104,-0.0290937698842801,0.971325379127742,"MBG_group_Other_nW_prop_stand"
